,chr,pos
JHI-Hv50k-2016-265391,L.1,0
JHI-Hv50k-2016-7619,L.1,7.8797808306475
JHI-Hv50k-2016-7423,L.1,8.7757686924583
JHI-Hv50k-2016-7618,L.1,9.48004061662571
JHI-Hv50k-2016-8609,L.1,11.6553250413665
JHI-Hv50k-2016-8710,L.1,12.3595969655339
JHI-Hv50k-2016-6373,L.1,15.3272530106696
JHI-Hv50k-2016-6438,L.1,16.7532074122331
JHI-Hv50k-2016-6092,L.1,16.7532074122331
JHI-Hv50k-2016-5180,L.1,17.937905448332
JHI-Hv50k-2016-4713,L.1,18.7537339082214
JHI-Hv50k-2016-4712,L.1,18.7537339082214
JHI-Hv50k-2016-4260,L.1,18.7537339082214
M_E_2,L.1,23.3117728280702
JHI-Hv50k-2016-48564,L.10,0
JHI-Hv50k-2016-48500,L.10,1.42896034599872
JHI-Hv50k-2016-48499,L.10,1.42896034599872
JHI-Hv50k-2016-48279,L.10,1.42896034599872
M_E_32,L.11,0
JHI-Hv50k-2016-126274,L.11,7.36196589948332
JHI-Hv50k-2016-124796,L.11,9.11228781436198
JHI-Hv50k-2016-124974,L.11,10.3095914629171
JHI-Hv50k-2016-124930,L.11,10.3095914629171
JHI-Hv50k-2016-124927,L.11,10.3095914629171
JHI-Hv50k-2016-124924,L.11,10.3095914629171
JHI-Hv50k-2016-190340,L.11,10.3095914629171
JHI-Hv50k-2016-115953,L.11,22.2031334339466
JHI-Hv50k-2016-115933,L.11,23.2786916217133
JHI-Hv50k-2016-119334,L.11,23.9829635458807
JHI-Hv50k-2016-119259,L.11,23.9829635458807
JHI-Hv50k-2016-119256,L.11,23.9829635458807
JHI-Hv50k-2016-119243,L.11,23.9829635458807
JHI-Hv50k-2016-117516,L.11,23.9829635458807
JHI-Hv50k-2016-117510,L.11,23.9829635458807
JHI-Hv50k-2016-117361,L.11,23.9829635458807
JHI-Hv50k-2016-117333,L.11,23.9829635458807
JHI-Hv50k-2016-117198,L.11,23.9829635458807
JHI-Hv50k-2016-117081,L.11,23.9829635458807
JHI-Hv50k-2016-116922,L.11,23.9829635458807
JHI-Hv50k-2016-116907,L.11,23.9829635458807
JHI-Hv50k-2016-116867,L.11,23.9829635458807
JHI-Hv50k-2016-116864,L.11,23.9829635458807
JHI-Hv50k-2016-116742,L.11,23.9829635458807
JHI-Hv50k-2016-116581,L.11,23.9829635458807
JHI-Hv50k-2016-116579,L.11,23.9829635458807
JHI-Hv50k-2016-116577,L.11,23.9829635458807
JHI-Hv50k-2016-116466,L.11,23.9829635458807
JHI-Hv50k-2016-116385,L.11,23.9829635458807
JHI-Hv50k-2016-116068,L.11,23.9829635458807
JHI-Hv50k-2016-115889,L.11,23.9829635458807
JHI-Hv50k-2016-119116,L.11,24.6872354700482
JHI-Hv50k-2016-119113,L.11,24.6872354700482
JHI-Hv50k-2016-118583,L.11,24.6872354700482
JHI-Hv50k-2016-118494,L.11,24.6872354700482
M_E_31,L.11,26.864422021314
M_E_30,L.11,26.864422021314
M_E_29,L.11,27.5916492046775
JHI-Hv50k-2016-115564,L.11,29.7894124216873
JHI-Hv50k-2016-115563,L.11,29.7894124216873
JHI-Hv50k-2016-115174,L.11,31.218372767686
JHI-Hv50k-2016-115312,L.11,31.938491135852
JHI-Hv50k-2016-115671,L.11,31.938491135852
JHI-Hv50k-2016-115666,L.11,31.938491135852
JHI-Hv50k-2016-115389,L.11,31.938491135852
JHI-Hv50k-2016-115255,L.11,31.938491135852
JHI-Hv50k-2016-115245,L.11,31.938491135852
JHI-Hv50k-2016-115240,L.11,31.938491135852
JHI-Hv50k-2016-115172,L.11,31.938491135852
JHI-Hv50k-2016-115163,L.11,31.938491135852
JHI-Hv50k-2016-115147,L.11,31.938491135852
JHI-Hv50k-2016-115110,L.11,31.938491135852
JHI-Hv50k-2016-115107,L.11,31.938491135852
JHI-Hv50k-2016-115080,L.11,31.938491135852
JHI-Hv50k-2016-115064,L.11,32.6586095040179
JHI-Hv50k-2016-114965,L.11,32.6586095040179
JHI-Hv50k-2016-114953,L.11,32.6586095040179
JHI-Hv50k-2016-114951,L.11,32.6586095040179
JHI-Hv50k-2016-114948,L.11,32.6586095040179
JHI-Hv50k-2016-114940,L.11,32.6586095040179
JHI-Hv50k-2016-114865,L.11,32.6586095040179
JHI-Hv50k-2016-114849,L.11,32.6586095040179
JHI-Hv50k-2016-114706,L.11,32.6586095040179
JHI-Hv50k-2016-114619,L.11,32.6586095040179
JHI-Hv50k-2016-114549,L.11,32.6586095040179
JHI-Hv50k-2016-114548,L.11,32.6586095040179
JHI-Hv50k-2016-114491,L.11,32.6586095040179
JHI-Hv50k-2016-114264,L.11,32.6586095040179
JHI-Hv50k-2016-114255,L.11,32.6586095040179
JHI-Hv50k-2016-114253,L.11,32.6586095040179
JHI-Hv50k-2016-114249,L.11,32.6586095040179
JHI-Hv50k-2016-114026,L.11,34.0875698500166
JHI-Hv50k-2016-113836,L.11,34.7918417741841
JHI-Hv50k-2016-113929,L.11,35.5028518663571
JHI-Hv50k-2016-112415,L.11,38.6076627682293
JHI-Hv50k-2016-112299,L.11,38.6076627682293
M_E_28,L.11,41.551068878817
M_E_27,L.11,45.3579707740197
JHI-Hv50k-2016-110485,L.11,47.5425059926736
JHI-Hv50k-2016-110449,L.11,47.5425059926736
JHI-Hv50k-2016-110245,L.11,47.5425059926736
JHI-Hv50k-2016-110636,L.11,48.3364904768965
JHI-Hv50k-2016-111501,L.11,49.0407624010639
JHI-Hv50k-2016-111369,L.11,49.0407624010639
JHI-Hv50k-2016-111319,L.11,49.0407624010639
JHI-Hv50k-2016-111266,L.11,49.7450343252314
JHI-Hv50k-2016-108250,L.11,62.0569464526762
JHI-Hv50k-2016-108204,L.11,62.0569464526762
JHI-Hv50k-2016-106848,L.11,68.405629121864
JHI-Hv50k-2016-106758,L.11,69.2807717519802
JHI-Hv50k-2016-106572,L.11,70.2031217194794
M_E_26,L.11,77.271528211098
JHI-Hv50k-2016-106037,L.11,86.4868559720462
JHI-Hv50k-2016-106035,L.11,86.4868559720462
JHI-Hv50k-2016-105548,L.11,88.1113912274182
JHI-Hv50k-2016-105262,L.11,88.8350371980302
JHI-Hv50k-2016-105079,L.11,90.5380164791652
JHI-Hv50k-2016-104565,L.11,90.5380164791652
JHI-Hv50k-2016-104510,L.11,90.5380164791652
JHI-Hv50k-2016-104508,L.11,90.5380164791652
JHI-Hv50k-2016-104497,L.11,90.5380164791652
JHI-Hv50k-2016-104651,L.11,90.5380164791652
JHI-Hv50k-2016-104509,L.11,91.6349417428907
JHI-Hv50k-2016-104602,L.11,91.6349417428907
JHI-Hv50k-2016-104514,L.11,91.6349417428907
JHI-Hv50k-2016-104058,L.11,95.7433079510267
JHI-Hv50k-2016-103929,L.11,95.7433079510267
JHI-Hv50k-2016-103868,L.11,95.7433079510267
JHI-Hv50k-2016-104059,L.11,95.7433079510267
JHI-Hv50k-2016-103938,L.11,95.7433079510267
JHI-Hv50k-2016-102627,L.11,99.8037289248013
JHI-Hv50k-2016-102625,L.11,99.8037289248013
M_E_25,L.11,102.205527989057
M_E_24,L.11,102.205527989057
JHI-Hv50k-2016-102943,L.11,103.783666268298
JHI-Hv50k-2016-102844,L.11,103.783666268298
JHI-Hv50k-2016-102626,L.11,103.783666268298
JHI-Hv50k-2016-102275,L.11,104.816685381395
JHI-Hv50k-2016-102159,L.11,104.816685381395
JHI-Hv50k-2016-101226,L.11,105.924030893564
M_E_23,L.11,109.464024693657
JHI-Hv50k-2016-100214,L.11,113.554821698742
JHI-Hv50k-2016-97025,L.11,119.245524031349
JHI-Hv50k-2016-99229,L.11,121.102436527474
JHI-Hv50k-2016-99004,L.11,121.102436527474
JHI-Hv50k-2016-97836,L.11,121.102436527474
JHI-Hv50k-2016-96944,L.11,121.102436527474
JHI-Hv50k-2016-93106,L.11,121.102436527474
JHI-Hv50k-2016-92209,L.11,122.243711327379
JHI-Hv50k-2016-92202,L.11,122.243711327379
JHI-Hv50k-2016-92462,L.11,122.243711327379
JHI-Hv50k-2016-92623,L.11,123.624309159985
JHI-Hv50k-2016-91961,L.11,123.624309159985
JHI-Hv50k-2016-91754,L.11,123.624309159985
JHI-Hv50k-2016-98582,L.11,125.668964042622
JHI-Hv50k-2016-93366,L.11,125.668964042622
JHI-Hv50k-2016-90788,L.11,127.410924529824
JHI-Hv50k-2016-91245,L.11,128.429315848172
JHI-Hv50k-2016-91257,L.11,128.429315848172
JHI-Hv50k-2016-91167,L.11,128.429315848172
JHI-Hv50k-2016-91157,L.11,128.429315848172
JHI-Hv50k-2016-91125,L.11,128.429315848172
JHI-Hv50k-2016-90896,L.11,128.429315848172
JHI-Hv50k-2016-90688,L.11,128.429315848172
JHI-Hv50k-2016-80097,L.11,140.453251535514
JHI-Hv50k-2016-80094,L.11,140.453251535514
JHI-Hv50k-2016-79451,L.11,144.191544884788
JHI-Hv50k-2016-79404,L.11,145.416878161605
JHI-Hv50k-2016-79374,L.11,145.416878161605
M_E_22,L.11,148.880722181698
M_E_18,L.11,153.599971072763
M_E_21,L.11,156.910562820918
M_E_20,L.11,156.910562820918
M_E_19,L.11,156.910562820918
JHI-Hv50k-2016-78532,L.11,158.862707683636
JHI-Hv50k-2016-78688,L.11,158.862707683636
JHI-Hv50k-2016-78631,L.11,158.862707683636
JHI-Hv50k-2016-78626,L.11,158.862707683636
JHI-Hv50k-2016-77724,L.11,158.862707683636
JHI-Hv50k-2016-78831,L.11,159.578994335224
JHI-Hv50k-2016-78780,L.11,159.578994335224
JHI-Hv50k-2016-78636,L.11,159.578994335224
JHI-Hv50k-2016-78625,L.11,159.578994335224
JHI-Hv50k-2016-77721,L.11,159.578994335224
JHI-Hv50k-2016-77945,L.11,160.283266259392
JHI-Hv50k-2016-77638,L.11,163.227842150801
JHI-Hv50k-2016-77605,L.11,163.937098729857
JHI-Hv50k-2016-77604,L.11,163.937098729857
JHI-Hv50k-2016-77603,L.11,163.937098729857
JHI-Hv50k-2016-77601,L.11,163.937098729857
JHI-Hv50k-2016-77597,L.11,163.937098729857
JHI-Hv50k-2016-77590,L.11,163.937098729857
JHI-Hv50k-2016-77586,L.11,163.937098729857
JHI-Hv50k-2016-77576,L.11,163.937098729857
JHI-Hv50k-2016-77599,L.11,163.937098729857
JHI-Hv50k-2016-77598,L.11,163.937098729857
JHI-Hv50k-2016-77560,L.11,164.683264101514
JHI-Hv50k-2016-77491,L.11,165.424960117366
JHI-Hv50k-2016-77522,L.11,165.424960117366
JHI-Hv50k-2016-77388,L.11,167.600244542107
JHI-Hv50k-2016-77334,L.11,167.600244542107
JHI-Hv50k-2016-75477,L.11,173.005822253848
M_E_143,L.11,175.950842221374
M_E_17,L.11,180.512654177524
JHI-Hv50k-2016-74875,L.11,185.938459080904
JHI-Hv50k-2016-74781,L.11,187.681336189174
JHI-Hv50k-2016-73933,L.11,191.76009674376
JHI-Hv50k-2016-73930,L.11,191.76009674376
JHI-Hv50k-2016-73951,L.11,191.76009674376
JHI-Hv50k-2016-73950,L.11,191.76009674376
M_E_16,L.11,195.509759020025
JHI-Hv50k-2016-73695,L.11,197.685043444766
JHI-Hv50k-2016-73694,L.11,197.685043444766
JHI-Hv50k-2016-73693,L.11,197.685043444766
JHI-Hv50k-2016-73692,L.11,197.685043444766
JHI-Hv50k-2016-73690,L.11,197.685043444766
JHI-Hv50k-2016-73663,L.11,197.685043444766
JHI-Hv50k-2016-73300,L.11,200.629619336175
JHI-Hv50k-2016-73247,L.11,200.629619336175
JHI-Hv50k-2016-73118,L.11,200.629619336175
JHI-Hv50k-2016-73085,L.11,200.629619336175
JHI-Hv50k-2016-73075,L.11,200.629619336175
JHI-Hv50k-2016-72947,L.11,201.697066460916
JHI-Hv50k-2016-72622,L.11,201.697066460916
JHI-Hv50k-2016-72530,L.11,201.697066460916
JHI-Hv50k-2016-72545,L.11,203.043124980441
JHI-Hv50k-2016-72504,L.11,203.043124980441
JHI-Hv50k-2016-72497,L.11,203.043124980441
JHI-Hv50k-2016-72315,L.11,205.3382346515
JHI-Hv50k-2016-71932,L.11,208.965170343846
JHI-Hv50k-2016-71931,L.11,208.965170343846
JHI-Hv50k-2016-71369,L.11,209.734967195891
JHI-Hv50k-2016-71113,L.11,211.850583752483
JHI-Hv50k-2016-70553,L.11,212.727506296858
JHI-Hv50k-2016-68732,L.11,214.902790721598
JHI-Hv50k-2016-68595,L.11,216.331751067597
JHI-Hv50k-2016-68731,L.11,217.036022991765
JHI-Hv50k-2016-68721,L.11,217.036022991765
JHI-Hv50k-2016-68718,L.11,217.036022991765
JHI-Hv50k-2016-68734,L.11,218.464983337763
JHI-Hv50k-2016-68729,L.11,218.464983337763
JHI-Hv50k-2016-68449,L.11,219.185447906393
JHI-Hv50k-2016-67865,L.11,223.016212369139
JHI-Hv50k-2016-67588,L.11,224.377770996935
JHI-Hv50k-2016-67810,L.11,225.08227009817
JHI-Hv50k-2016-67661,L.11,225.08227009817
JHI-Hv50k-2016-67614,L.11,225.08227009817
JHI-Hv50k-2016-67600,L.11,225.08227009817
JHI-Hv50k-2016-67587,L.11,225.08227009817
JHI-Hv50k-2016-67559,L.11,225.08227009817
JHI-Hv50k-2016-67767,L.11,225.08227009817
JHI-Hv50k-2016-67550,L.11,225.08227009817
JHI-Hv50k-2016-67378,L.11,225.786769199406
JHI-Hv50k-2016-66623,L.11,226.491041123573
JHI-Hv50k-2016-66556,L.11,227.19531304774
JHI-Hv50k-2016-66022,L.11,227.19531304774
M_E_14,L.11,229.546968531179
M_E_15,L.11,229.546968531179
JHI-Hv50k-2016-65426,L.11,231.290164609852
JHI-Hv50k-2016-65610,L.11,231.290164609852
JHI-Hv50k-2016-65319,L.11,231.290164609852
JHI-Hv50k-2016-64151,L.11,234.286973640492
JHI-Hv50k-2016-64149,L.11,234.286973640492
JHI-Hv50k-2016-64146,L.11,234.286973640492
JHI-Hv50k-2016-64130,L.11,234.286973640492
JHI-Hv50k-2016-64086,L.11,234.286973640492
JHI-Hv50k-2016-64055,L.11,234.286973640492
JHI-Hv50k-2016-63893,L.11,234.286973640492
JHI-Hv50k-2016-63868,L.11,234.286973640492
JHI-Hv50k-2016-63361,L.11,234.286973640492
JHI-Hv50k-2016-62805,L.11,234.286973640492
JHI-Hv50k-2016-62596,L.11,235.310731080652
JHI-Hv50k-2016-62472,L.11,235.310731080652
JHI-Hv50k-2016-61642,L.11,238.740862547032
JHI-Hv50k-2016-59917,L.11,240.16982289303
JHI-Hv50k-2016-59425,L.11,241.598783239029
JHI-Hv50k-2016-58991,L.11,241.598783239029
JHI-Hv50k-2016-58810,L.11,241.598783239029
JHI-Hv50k-2016-58775,L.11,241.598783239029
JHI-Hv50k-2016-75478,L.11,251.735410941733
JHI-Hv50k-2016-290961,L.12,0
JHI-Hv50k-2016-275198,L.12,8.36773553669413
JHI-Hv50k-2016-275077,L.12,9.72304168627969
JHI-Hv50k-2016-274480,L.12,9.72304168627969
JHI-Hv50k-2016-273925,L.12,9.72304168627969
JHI-Hv50k-2016-273848,L.12,9.72304168627969
JHI-Hv50k-2016-273669,L.12,9.72304168627969
JHI-Hv50k-2016-273885,L.12,10.5021122365527
JHI-Hv50k-2016-273849,L.12,10.5021122365527
JHI-Hv50k-2016-273846,L.12,10.5021122365527
JHI-Hv50k-2016-273825,L.12,10.5021122365527
JHI-Hv50k-2016-276923,L.12,13.4466881279623
JHI-Hv50k-2016-282916,L.12,15.6859509059133
JHI-Hv50k-2016-273394,L.12,16.6419254219917
JHI-Hv50k-2016-273355,L.12,16.6419254219917
JHI-Hv50k-2016-273132,L.12,16.6419254219917
JHI-Hv50k-2016-273088,L.12,16.6419254219917
JHI-Hv50k-2016-272337,L.12,19.7337797355669
JHI-Hv50k-2016-272315,L.12,19.7337797355669
JHI-Hv50k-2016-272306,L.12,19.7337797355669
JHI-Hv50k-2016-64712,L.12,24.01234108491
JHI-Hv50k-2016-271271,L.12,24.01234108491
JHI-Hv50k-2016-271125,L.12,24.01234108491
JHI-Hv50k-2016-271015,L.12,24.01234108491
JHI-Hv50k-2016-270803,L.12,24.7166136224009
JHI-Hv50k-2016-270730,L.12,24.7166136224009
JHI-Hv50k-2016-270585,L.12,24.7166136224009
JHI-Hv50k-2016-209018,L.13,0
JHI-Hv50k-2016-208894,L.13,0.973378254212652
JHI-Hv50k-2016-208872,L.13,0.973378254212652
JHI-Hv50k-2016-208516,L.13,0.973378254212652
JHI-Hv50k-2016-208432,L.13,0.973378254212652
JHI-Hv50k-2016-209663,L.13,2.40233860021137
JHI-Hv50k-2016-209275,L.13,2.40233860021137
JHI-Hv50k-2016-210086,L.13,3.10661052437878
JHI-Hv50k-2016-210042,L.13,3.10661052437878
JHI-Hv50k-2016-210038,L.13,3.10661052437878
JHI-Hv50k-2016-209959,L.13,3.10661052437878
JHI-Hv50k-2016-209957,L.13,3.10661052437878
JHI-Hv50k-2016-209868,L.13,3.10661052437878
JHI-Hv50k-2016-212081,L.13,6.05118641578836
JHI-Hv50k-2016-211904,L.13,6.05118641578836
JHI-Hv50k-2016-211296,L.13,7.48014676178708
JHI-Hv50k-2016-211251,L.13,7.48014676178708
JHI-Hv50k-2016-211204,L.13,7.48014676178708
JHI-Hv50k-2016-211108,L.13,7.48014676178708
JHI-Hv50k-2016-211061,L.13,7.48014676178708
JHI-Hv50k-2016-211019,L.13,7.48014676178708
JHI-Hv50k-2016-210967,L.13,7.48014676178708
JHI-Hv50k-2016-75490,L.13,8.18441868595449
JHI-Hv50k-2016-207495,L.13,12.7424576058034
JHI-Hv50k-2016-207481,L.13,12.7424576058034
M_E_138,L.13,18.1480353175443
M_E_52,L.13,34.2877353145787
JHI-Hv50k-2016-205257,L.13,40.433988193024
JHI-Hv50k-2016-204534,L.13,42.6410717138887
JHI-Hv50k-2016-204532,L.13,42.6410717138887
JHI-Hv50k-2016-204423,L.13,44.7340418651849
JHI-Hv50k-2016-204392,L.13,44.7340418651849
JHI-Hv50k-2016-203080,L.13,51.4131921413551
M_E_51,L.13,59.629696594708
JHI-Hv50k-2016-201579,L.13,65.5266933010688
JHI-Hv50k-2016-201578,L.13,65.5266933010688
JHI-Hv50k-2016-201896,L.13,66.5597719291184
JHI-Hv50k-2016-201777,L.13,68.1288319497654
JHI-Hv50k-2016-201773,L.13,68.1288319497654
JHI-Hv50k-2016-201745,L.13,69.0727498553772
JHI-Hv50k-2016-201484,L.13,70.6714709502115
JHI-Hv50k-2016-200641,L.13,71.9178368813136
JHI-Hv50k-2016-200713,L.13,71.9178368813136
JHI-Hv50k-2016-198926,L.13,77.3739887551676
JHI-Hv50k-2016-196798,L.13,83.6568494621903
JHI-Hv50k-2016-196649,L.13,83.6568494621903
JHI-Hv50k-2016-196379,L.13,84.4319761513659
JHI-Hv50k-2016-196357,L.13,84.4319761513659
JHI-Hv50k-2016-196287,L.13,84.4319761513659
JHI-Hv50k-2016-196280,L.13,84.4319761513659
JHI-Hv50k-2016-196276,L.13,84.4319761513659
JHI-Hv50k-2016-196158,L.13,84.4319761513659
JHI-Hv50k-2016-196155,L.13,84.4319761513659
JHI-Hv50k-2016-195729,L.13,84.4319761513659
JHI-Hv50k-2016-195512,L.13,85.9338782691261
JHI-Hv50k-2016-195051,L.13,86.6381501932935
M_E_135,L.13,90.6063335999913
M_E_49,L.13,96.2983363785695
M_E_50,L.13,96.2983363785695
M_E_141,L.13,108.533368633818
JHI-Hv50k-2016-194477,L.13,119.903597644086
JHI-Hv50k-2016-194445,L.13,119.903597644086
JHI-Hv50k-2016-193644,L.13,122.988028672365
JHI-Hv50k-2016-193692,L.13,123.908489551539
JHI-Hv50k-2016-193643,L.13,123.908489551539
JHI-Hv50k-2016-193640,L.13,123.908489551539
JHI-Hv50k-2016-193614,L.13,123.908489551539
JHI-Hv50k-2016-193609,L.13,123.908489551539
JHI-Hv50k-2016-193464,L.13,123.908489551539
JHI-Hv50k-2016-193461,L.13,123.908489551539
JHI-Hv50k-2016-193361,L.13,125.740680967781
JHI-Hv50k-2016-192711,L.13,129.159328305223
JHI-Hv50k-2016-192532,L.13,131.484088932772
JHI-Hv50k-2016-192513,L.13,131.484088932772
JHI-Hv50k-2016-192534,L.13,131.484088932772
M_E_48,L.13,133.372675435498
JHI-Hv50k-2016-191253,L.13,136.317381998468
JHI-Hv50k-2016-191513,L.13,136.317381998468
JHI-Hv50k-2016-190063,L.13,136.317381998468
JHI-Hv50k-2016-190711,L.13,136.317381998468
JHI-Hv50k-2016-191570,L.13,139.485616056692
JHI-Hv50k-2016-191997,L.13,139.485616056692
JHI-Hv50k-2016-188839,L.13,144.21177098596
JHI-Hv50k-2016-187407,L.13,146.096627856757
JHI-Hv50k-2016-187824,L.13,147.170389239202
JHI-Hv50k-2016-187443,L.13,147.170389239202
JHI-Hv50k-2016-187516,L.13,147.170389239202
JHI-Hv50k-2016-186499,L.13,148.90985212304
JHI-Hv50k-2016-186498,L.13,148.90985212304
JHI-Hv50k-2016-188175,L.13,149.958472134994
M_E_45,L.13,149.958472134994
M_E_47,L.13,149.958472134994
JHI-Hv50k-2016-186719,L.13,149.958472134994
M_E_46,L.13,151.573429406842
JHI-Hv50k-2016-185997,L.13,154.676565712964
JHI-Hv50k-2016-185491,L.13,154.676565712964
JHI-Hv50k-2016-185188,L.13,157.621141604374
JHI-Hv50k-2016-185123,L.13,157.621141604374
JHI-Hv50k-2016-185119,L.13,157.621141604374
JHI-Hv50k-2016-184728,L.13,159.050101950373
JHI-Hv50k-2016-184726,L.13,159.050101950373
JHI-Hv50k-2016-183791,L.13,159.75437387454
JHI-Hv50k-2016-183528,L.13,161.183334220539
JHI-Hv50k-2016-183445,L.13,161.183334220539
M_E_44,L.13,161.893132849783
JHI-Hv50k-2016-206378,L.13,162.602931479028
JHI-Hv50k-2016-183041,L.13,162.602931479028
JHI-Hv50k-2016-182940,L.13,162.602931479028
JHI-Hv50k-2016-182720,L.13,162.602931479028
JHI-Hv50k-2016-182582,L.13,162.602931479028
JHI-Hv50k-2016-182557,L.13,162.602931479028
JHI-Hv50k-2016-182436,L.13,162.602931479028
JHI-Hv50k-2016-182423,L.13,162.602931479028
JHI-Hv50k-2016-182094,L.13,162.602931479028
JHI-Hv50k-2016-182093,L.13,162.602931479028
JHI-Hv50k-2016-181543,L.13,162.602931479028
JHI-Hv50k-2016-181474,L.13,162.602931479028
JHI-Hv50k-2016-181132,L.13,162.602931479028
JHI-Hv50k-2016-420337,L.13,162.602931479028
JHI-Hv50k-2016-225595,L.13,164.031891825027
JHI-Hv50k-2016-182700,L.13,164.031891825027
M_E_42,L.13,165.460910172179
M_E_43,L.13,165.460910172179
JHI-Hv50k-2016-166368,L.13,167.636254355687
M_E_41,L.13,170.876529248251
JHI-Hv50k-2016-164740,L.13,172.910764440774
JHI-Hv50k-2016-164334,L.13,175.855340332184
JHI-Hv50k-2016-163974,L.13,178.030624756925
M_E_39,L.13,180.793743730217
M_E_40,L.13,180.793743730217
JHI-Hv50k-2016-163869,L.13,183.147924926495
JHI-Hv50k-2016-163867,L.13,183.147924926495
JHI-Hv50k-2016-163623,L.13,183.147924926495
JHI-Hv50k-2016-163529,L.13,183.147924926495
JHI-Hv50k-2016-163496,L.13,183.852196850662
JHI-Hv50k-2016-287256,L.13,186.907693477509
JHI-Hv50k-2016-162954,L.13,191.584065376044
JHI-Hv50k-2016-162210,L.13,194.570399366615
JHI-Hv50k-2016-162197,L.13,194.570399366615
JHI-Hv50k-2016-161093,L.13,205.829134660219
JHI-Hv50k-2016-161081,L.13,205.829134660219
JHI-Hv50k-2016-161080,L.13,205.829134660219
JHI-Hv50k-2016-160352,L.13,211.598053803361
JHI-Hv50k-2016-160232,L.13,211.598053803361
JHI-Hv50k-2016-160331,L.13,211.598053803361
JHI-Hv50k-2016-160298,L.13,211.598053803361
JHI-Hv50k-2016-160295,L.13,211.598053803361
JHI-Hv50k-2016-160477,L.13,211.598053803361
JHI-Hv50k-2016-160435,L.13,211.598053803361
JHI-Hv50k-2016-160053,L.13,212.823888755581
JHI-Hv50k-2016-159996,L.13,212.823888755581
JHI-Hv50k-2016-160217,L.13,214.252849101579
JHI-Hv50k-2016-160227,L.13,214.252849101579
M_E_38,L.13,219.406952762019
JHI-Hv50k-2016-159556,L.13,222.105354694437
JHI-Hv50k-2016-159650,L.13,222.809626618605
JHI-Hv50k-2016-159468,L.13,223.850603506266
JHI-Hv50k-2016-159467,L.13,223.850603506266
JHI-Hv50k-2016-159312,L.13,223.850603506266
JHI-Hv50k-2016-159264,L.13,223.850603506266
JHI-Hv50k-2016-158003,L.13,226.067858541676
JHI-Hv50k-2016-157411,L.13,226.067858541676
JHI-Hv50k-2016-157160,L.13,226.067858541676
JHI-Hv50k-2016-156999,L.13,227.496818887675
JHI-Hv50k-2016-156865,L.13,228.925779233674
JHI-Hv50k-2016-156580,L.13,228.925779233674
JHI-Hv50k-2016-156387,L.13,230.363043251776
JHI-Hv50k-2016-156582,L.13,231.800307269879
JHI-Hv50k-2016-155677,L.13,232.65083734274
JHI-Hv50k-2016-155805,L.13,234.281407765781
JHI-Hv50k-2016-155803,L.13,234.281407765781
JHI-Hv50k-2016-155785,L.13,234.281407765781
JHI-Hv50k-2016-155807,L.13,237.405462921978
JHI-Hv50k-2016-155570,L.13,242.169053414386
JHI-Hv50k-2016-155569,L.13,242.169053414386
JHI-Hv50k-2016-154862,L.13,244.992384674471
JHI-Hv50k-2016-154752,L.13,244.992384674471
JHI-Hv50k-2016-154122,L.13,248.796578146247
JHI-Hv50k-2016-397796,L.13,248.796578146247
M_E_37,L.13,251.16395805036
M_E_36,L.13,252.909568612908
JHI-Hv50k-2016-154007,L.13,257.243088864864
JHI-Hv50k-2016-153498,L.13,259.418373289605
JHI-Hv50k-2016-153327,L.13,260.847333635603
JHI-Hv50k-2016-153527,L.13,262.276293981602
JHI-Hv50k-2016-152878,L.13,263.705254327601
JHI-Hv50k-2016-152840,L.13,263.705254327601
JHI-Hv50k-2016-152690,L.13,266.248854199391
JHI-Hv50k-2016-366538,L.13,269.449803331593
JHI-Hv50k-2016-152033,L.13,270.632127168344
JHI-Hv50k-2016-151897,L.13,270.632127168344
JHI-Hv50k-2016-149834,L.13,271.717373487913
JHI-Hv50k-2016-151331,L.13,272.630170830101
JHI-Hv50k-2016-151061,L.13,272.630170830101
JHI-Hv50k-2016-150851,L.13,272.630170830101
JHI-Hv50k-2016-150847,L.13,272.630170830101
JHI-Hv50k-2016-150750,L.13,272.630170830101
M_E_35,L.13,275.50627169092
M_E_121,L.14,0
M_E_120,L.14,1.86372814737054
JHI-Hv50k-2016-461245,L.14,4.7254278626271
JHI-Hv50k-2016-461244,L.14,4.7254278626271
JHI-Hv50k-2016-461181,L.14,4.7254278626271
JHI-Hv50k-2016-461174,L.14,4.7254278626271
JHI-Hv50k-2016-461019,L.14,5.42969978679451
JHI-Hv50k-2016-163303,L.14,6.13397171096192
JHI-Hv50k-2016-305129,L.14,6.13397171096192
JHI-Hv50k-2016-461261,L.14,6.13397171096192
JHI-Hv50k-2016-462290,L.14,9.49561720238303
JHI-Hv50k-2016-461845,L.14,9.49561720238303
JHI-Hv50k-2016-463273,L.14,11.3169200887324
JHI-Hv50k-2016-462842,L.14,11.3169200887324
JHI-Hv50k-2016-463534,L.14,11.3169200887324
JHI-Hv50k-2016-463470,L.14,11.3169200887324
JHI-Hv50k-2016-463638,L.14,12.789256200913
JHI-Hv50k-2016-463595,L.14,12.789256200913
JHI-Hv50k-2016-463548,L.14,12.789256200913
JHI-Hv50k-2016-463545,L.14,12.789256200913
JHI-Hv50k-2016-463530,L.14,12.789256200913
JHI-Hv50k-2016-463337,L.14,12.789256200913
JHI-Hv50k-2016-463320,L.14,12.789256200913
JHI-Hv50k-2016-463303,L.14,12.789256200913
JHI-Hv50k-2016-463278,L.14,12.789256200913
JHI-Hv50k-2016-463260,L.14,12.789256200913
JHI-Hv50k-2016-463259,L.14,12.789256200913
JHI-Hv50k-2016-462952,L.14,12.789256200913
JHI-Hv50k-2016-462950,L.14,12.789256200913
JHI-Hv50k-2016-463570,L.14,12.789256200913
JHI-Hv50k-2016-463439,L.14,13.569882147161
M_E_122,L.14,17.3519067131612
JHI-Hv50k-2016-464216,L.14,20.2964826045708
JHI-Hv50k-2016-464377,L.14,22.5032987439406
JHI-Hv50k-2016-464578,L.14,22.5032987439406
JHI-Hv50k-2016-464376,L.14,23.2372994987196
JHI-Hv50k-2016-466668,L.14,24.6662598447183
JHI-Hv50k-2016-465438,L.14,24.6662598447183
JHI-Hv50k-2016-465406,L.14,24.6662598447183
JHI-Hv50k-2016-465367,L.14,24.6662598447183
JHI-Hv50k-2016-464984,L.14,24.6662598447183
JHI-Hv50k-2016-464982,L.14,24.6662598447183
JHI-Hv50k-2016-465498,L.14,25.3705317688857
JHI-Hv50k-2016-465418,L.14,25.3705317688857
JHI-Hv50k-2016-465421,L.14,26.8189902523454
JHI-Hv50k-2016-464958,L.14,28.9229446881682
M_E_123,L.14,31.1914263028787
M_E_124,L.14,32.6703353867654
M_E_125,L.14,34.7958397722667
JHI-Hv50k-2016-467279,L.14,36.9593497479532
JHI-Hv50k-2016-468551,L.14,37.6806759308577
JHI-Hv50k-2016-467141,L.14,37.6806759308577
JHI-Hv50k-2016-468564,L.14,37.6806759308577
JHI-Hv50k-2016-467042,L.14,37.6806759308577
JHI-Hv50k-2016-464944,L.14,38.4433645234607
JHI-Hv50k-2016-464826,L.14,38.4433645234607
JHI-Hv50k-2016-469069,L.14,40.5798243973128
JHI-Hv50k-2016-468975,L.14,40.5798243973128
JHI-Hv50k-2016-468906,L.14,40.5798243973128
JHI-Hv50k-2016-469092,L.14,41.2840963214802
JHI-Hv50k-2016-470691,L.14,41.9883682456476
JHI-Hv50k-2016-470398,L.14,41.9883682456476
JHI-Hv50k-2016-470283,L.14,42.692640169815
JHI-Hv50k-2016-117509,L.14,43.3969150151072
JHI-Hv50k-2016-472384,L.14,44.1011898603993
JHI-Hv50k-2016-472207,L.14,44.1011898603993
JHI-Hv50k-2016-471901,L.14,44.1011898603993
JHI-Hv50k-2016-471439,L.14,44.1011898603993
M_E_126,L.14,47.0457657518089
JHI-Hv50k-2016-472770,L.14,50.784059101083
JHI-Hv50k-2016-472789,L.14,51.4883311126848
JHI-Hv50k-2016-473172,L.14,52.646326944146
JHI-Hv50k-2016-474577,L.14,53.8043226865714
JHI-Hv50k-2016-474421,L.14,53.8043226865714
JHI-Hv50k-2016-473439,L.14,53.8043226865714
JHI-Hv50k-2016-475326,L.14,55.2431387622889
JHI-Hv50k-2016-475313,L.14,55.2431387622889
JHI-Hv50k-2016-475035,L.14,55.2431387622889
JHI-Hv50k-2016-474991,L.14,55.2431387622889
JHI-Hv50k-2016-474953,L.14,55.2431387622889
JHI-Hv50k-2016-475459,L.14,56.6622472624541
JHI-Hv50k-2016-483433,L.14,58.8255454511879
JHI-Hv50k-2016-480947,L.14,58.8255454511879
JHI-Hv50k-2016-480015,L.14,58.8255454511879
JHI-Hv50k-2016-478366,L.14,58.8255454511879
JHI-Hv50k-2016-475638,L.14,60.2456190149654
JHI-Hv50k-2016-216732,L.14,60.9609693790035
JHI-Hv50k-2016-478267,L.14,60.9609693790035
JHI-Hv50k-2016-483566,L.14,60.9609693790035
JHI-Hv50k-2016-480145,L.14,60.9609693790035
JHI-Hv50k-2016-479209,L.14,60.9609693790035
JHI-Hv50k-2016-478155,L.14,60.9609693790035
JHI-Hv50k-2016-478140,L.14,60.9609693790035
JHI-Hv50k-2016-478027,L.14,60.9609693790035
JHI-Hv50k-2016-477938,L.14,60.9609693790035
JHI-Hv50k-2016-477622,L.14,60.9609693790035
JHI-Hv50k-2016-477176,L.14,60.9609693790035
JHI-Hv50k-2016-483434,L.14,60.9609693790035
JHI-Hv50k-2016-483370,L.14,60.9609693790035
JHI-Hv50k-2016-483191,L.14,60.9609693790035
JHI-Hv50k-2016-483131,L.14,60.9609693790035
JHI-Hv50k-2016-483004,L.14,60.9609693790035
JHI-Hv50k-2016-482917,L.14,60.9609693790035
JHI-Hv50k-2016-482868,L.14,60.9609693790035
JHI-Hv50k-2016-482729,L.14,60.9609693790035
JHI-Hv50k-2016-482662,L.14,60.9609693790035
JHI-Hv50k-2016-482651,L.14,60.9609693790035
JHI-Hv50k-2016-482497,L.14,60.9609693790035
JHI-Hv50k-2016-482275,L.14,60.9609693790035
JHI-Hv50k-2016-482051,L.14,60.9609693790035
JHI-Hv50k-2016-481987,L.14,60.9609693790035
JHI-Hv50k-2016-481919,L.14,60.9609693790035
JHI-Hv50k-2016-481749,L.14,60.9609693790035
JHI-Hv50k-2016-481738,L.14,60.9609693790035
JHI-Hv50k-2016-481538,L.14,60.9609693790035
JHI-Hv50k-2016-481438,L.14,60.9609693790035
JHI-Hv50k-2016-481258,L.14,60.9609693790035
JHI-Hv50k-2016-480963,L.14,60.9609693790035
JHI-Hv50k-2016-480876,L.14,60.9609693790035
JHI-Hv50k-2016-480868,L.14,60.9609693790035
JHI-Hv50k-2016-480850,L.14,60.9609693790035
JHI-Hv50k-2016-480848,L.14,60.9609693790035
JHI-Hv50k-2016-480841,L.14,60.9609693790035
JHI-Hv50k-2016-480814,L.14,60.9609693790035
JHI-Hv50k-2016-480771,L.14,60.9609693790035
JHI-Hv50k-2016-480684,L.14,60.9609693790035
JHI-Hv50k-2016-480557,L.14,60.9609693790035
JHI-Hv50k-2016-480546,L.14,60.9609693790035
JHI-Hv50k-2016-480176,L.14,60.9609693790035
JHI-Hv50k-2016-480103,L.14,60.9609693790035
JHI-Hv50k-2016-480045,L.14,60.9609693790035
JHI-Hv50k-2016-479943,L.14,60.9609693790035
JHI-Hv50k-2016-479764,L.14,60.9609693790035
JHI-Hv50k-2016-479763,L.14,60.9609693790035
JHI-Hv50k-2016-479756,L.14,60.9609693790035
JHI-Hv50k-2016-479753,L.14,60.9609693790035
JHI-Hv50k-2016-479518,L.14,60.9609693790035
JHI-Hv50k-2016-479447,L.14,60.9609693790035
JHI-Hv50k-2016-479383,L.14,60.9609693790035
JHI-Hv50k-2016-479239,L.14,60.9609693790035
JHI-Hv50k-2016-479151,L.14,60.9609693790035
JHI-Hv50k-2016-479116,L.14,60.9609693790035
JHI-Hv50k-2016-479018,L.14,60.9609693790035
JHI-Hv50k-2016-478917,L.14,60.9609693790035
JHI-Hv50k-2016-478809,L.14,60.9609693790035
JHI-Hv50k-2016-478738,L.14,60.9609693790035
JHI-Hv50k-2016-478689,L.14,60.9609693790035
JHI-Hv50k-2016-478665,L.14,60.9609693790035
JHI-Hv50k-2016-478345,L.14,60.9609693790035
JHI-Hv50k-2016-478318,L.14,60.9609693790035
JHI-Hv50k-2016-478260,L.14,60.9609693790035
JHI-Hv50k-2016-478101,L.14,60.9609693790035
JHI-Hv50k-2016-477881,L.14,60.9609693790035
JHI-Hv50k-2016-477827,L.14,60.9609693790035
JHI-Hv50k-2016-477532,L.14,60.9609693790035
JHI-Hv50k-2016-477211,L.14,60.9609693790035
JHI-Hv50k-2016-477141,L.14,60.9609693790035
JHI-Hv50k-2016-475721,L.14,60.9609693790035
JHI-Hv50k-2016-475700,L.14,60.9609693790035
JHI-Hv50k-2016-486462,L.14,60.9609693790035
JHI-Hv50k-2016-487043,L.14,60.9609693790035
JHI-Hv50k-2016-483272,L.14,60.9609693790035
JHI-Hv50k-2016-487232,L.14,62.378530574331
JHI-Hv50k-2016-487074,L.14,63.0828024984985
JHI-Hv50k-2016-487046,L.14,63.0828024984985
JHI-Hv50k-2016-487045,L.14,63.0828024984985
JHI-Hv50k-2016-486996,L.14,63.0828024984985
JHI-Hv50k-2016-453798,L.14,63.0828024984985
JHI-Hv50k-2016-482706,L.14,64.5117628444972
JHI-Hv50k-2016-479451,L.14,64.5117628444972
JHI-Hv50k-2016-487584,L.14,65.9407231904959
JHI-Hv50k-2016-487430,L.14,65.9407231904959
JHI-Hv50k-2016-487408,L.14,65.9407231904959
JHI-Hv50k-2016-488898,L.14,66.6449951146633
JHI-Hv50k-2016-488887,L.14,66.6449951146633
JHI-Hv50k-2016-488873,L.14,66.6449951146633
JHI-Hv50k-2016-488809,L.14,66.6449951146633
JHI-Hv50k-2016-488746,L.14,66.6449951146633
JHI-Hv50k-2016-488697,L.14,66.6449951146633
JHI-Hv50k-2016-488583,L.14,66.6449951146633
JHI-Hv50k-2016-488571,L.14,66.6449951146633
JHI-Hv50k-2016-488517,L.14,66.6449951146633
JHI-Hv50k-2016-483031,L.14,66.6449951146633
JHI-Hv50k-2016-489799,L.14,67.3492670388307
JHI-Hv50k-2016-489795,L.14,67.3492670388307
JHI-Hv50k-2016-489668,L.14,67.3492670388307
JHI-Hv50k-2016-489642,L.14,67.3492670388307
JHI-Hv50k-2016-489616,L.14,67.3492670388307
JHI-Hv50k-2016-489798,L.14,68.0578862877103
M_E_144,L.14,71.8124615439984
M_E_127,L.14,78.1358730662354
JHI-Hv50k-2016-491261,L.14,82.7054066941849
JHI-Hv50k-2016-491296,L.14,83.4097103368531
JHI-Hv50k-2016-445336,L.14,87.1480394973406
JHI-Hv50k-2016-491719,L.14,90.8863328466147
JHI-Hv50k-2016-494038,L.14,101.119720379119
JHI-Hv50k-2016-494044,L.14,101.119720379119
JHI-Hv50k-2016-494035,L.14,101.119720379119
JHI-Hv50k-2016-494034,L.14,101.119720379119
JHI-Hv50k-2016-494046,L.14,101.119720379119
M_E_128,L.14,105.480638998255
JHI-Hv50k-2016-493718,L.14,109.756748375062
JHI-Hv50k-2016-494128,L.14,112.732639376705
JHI-Hv50k-2016-494520,L.14,114.908329787366
JHI-Hv50k-2016-494676,L.14,117.510876573663
JHI-Hv50k-2016-495463,L.14,117.510876573663
JHI-Hv50k-2016-495926,L.14,119.293614949391
JHI-Hv50k-2016-495677,L.14,119.293614949391
JHI-Hv50k-2016-495619,L.14,119.293614949391
JHI-Hv50k-2016-495566,L.14,119.293614949391
JHI-Hv50k-2016-495494,L.14,119.293614949391
JHI-Hv50k-2016-495461,L.14,119.293614949391
JHI-Hv50k-2016-495457,L.14,119.293614949391
JHI-Hv50k-2016-495431,L.14,119.293614949391
JHI-Hv50k-2016-494945,L.14,120.312845140418
JHI-Hv50k-2016-494939,L.14,120.312845140418
JHI-Hv50k-2016-494920,L.14,120.312845140418
JHI-Hv50k-2016-495631,L.14,120.312845140418
JHI-Hv50k-2016-495170,L.14,121.257932448502
M_E_129,L.14,124.202508339911
JHI-Hv50k-2016-497396,L.14,127.787120876994
JHI-Hv50k-2016-496838,L.14,130.582804209191
JHI-Hv50k-2016-496332,L.14,130.582804209191
JHI-Hv50k-2016-496720,L.14,131.783759769964
JHI-Hv50k-2016-496718,L.14,131.783759769964
JHI-Hv50k-2016-496334,L.14,131.783759769964
JHI-Hv50k-2016-487990,L.14,132.724900530326
JHI-Hv50k-2016-497612,L.14,134.914238516689
JHI-Hv50k-2016-497567,L.14,134.914238516689
JHI-Hv50k-2016-497775,L.14,136.994985913429
JHI-Hv50k-2016-498292,L.14,138.443994942988
JHI-Hv50k-2016-498283,L.14,138.443994942988
JHI-Hv50k-2016-498401,L.14,140.284860102963
JHI-Hv50k-2016-498295,L.14,140.284860102963
JHI-Hv50k-2016-498294,L.14,140.284860102963
JHI-Hv50k-2016-517034,L.14,145.84710814202
JHI-Hv50k-2016-499468,L.14,147.487373264699
JHI-Hv50k-2016-499768,L.14,148.426111238953
JHI-Hv50k-2016-499461,L.14,148.426111238953
JHI-Hv50k-2016-499413,L.14,148.426111238953
JHI-Hv50k-2016-499118,L.14,148.426111238953
JHI-Hv50k-2016-499116,L.14,148.426111238953
JHI-Hv50k-2016-498891,L.14,148.426111238953
JHI-Hv50k-2016-498851,L.14,148.426111238953
JHI-Hv50k-2016-498817,L.14,148.426111238953
JHI-Hv50k-2016-498749,L.14,148.426111238953
JHI-Hv50k-2016-498725,L.14,148.426111238953
JHI-Hv50k-2016-498715,L.14,148.426111238953
JHI-Hv50k-2016-498714,L.14,148.426111238953
JHI-Hv50k-2016-498710,L.14,148.426111238953
JHI-Hv50k-2016-498707,L.14,148.426111238953
JHI-Hv50k-2016-498701,L.14,148.426111238953
JHI-Hv50k-2016-498689,L.14,148.426111238953
JHI-Hv50k-2016-498687,L.14,148.426111238953
JHI-Hv50k-2016-498669,L.14,148.426111238953
JHI-Hv50k-2016-498668,L.14,148.426111238953
JHI-Hv50k-2016-498663,L.14,148.426111238953
JHI-Hv50k-2016-498541,L.14,148.426111238953
JHI-Hv50k-2016-498676,L.14,148.426111238953
JHI-Hv50k-2016-500064,L.14,150.747969361313
JHI-Hv50k-2016-500031,L.14,150.747969361313
JHI-Hv50k-2016-500018,L.14,150.747969361313
JHI-Hv50k-2016-500552,L.14,153.536678292566
M_E_130,L.14,157.713772660843
JHI-Hv50k-2016-501040,L.14,166.177664869233
JHI-Hv50k-2016-501144,L.14,168.582040376878
JHI-Hv50k-2016-501287,L.14,170.32308363622
JHI-Hv50k-2016-501215,L.14,170.32308363622
JHI-Hv50k-2016-501212,L.14,170.32308363622
JHI-Hv50k-2016-501263,L.14,170.32308363622
JHI-Hv50k-2016-501767,L.14,172.269505706585
JHI-Hv50k-2016-501571,L.14,172.269505706585
JHI-Hv50k-2016-501724,L.14,172.269505706585
JHI-Hv50k-2016-502179,L.14,172.973777630753
JHI-Hv50k-2016-501781,L.14,172.973777630753
JHI-Hv50k-2016-502003,L.14,173.67804955492
JHI-Hv50k-2016-503428,L.14,174.382321479088
JHI-Hv50k-2016-503319,L.14,174.382321479088
JHI-Hv50k-2016-503249,L.14,175.101679764258
JHI-Hv50k-2016-503621,L.14,175.101679764258
JHI-Hv50k-2016-503618,L.14,175.101679764258
JHI-Hv50k-2016-503433,L.14,175.101679764258
JHI-Hv50k-2016-503425,L.14,175.101679764258
JHI-Hv50k-2016-504257,L.14,178.822951059907
JHI-Hv50k-2016-504261,L.14,178.822951059907
JHI-Hv50k-2016-505095,L.14,179.668030287136
JHI-Hv50k-2016-506369,L.14,187.928670113293
JHI-Hv50k-2016-506674,L.14,193.219206506181
JHI-Hv50k-2016-506682,L.14,193.219206506181
JHI-Hv50k-2016-506681,L.14,193.219206506181
JHI-Hv50k-2016-507349,L.14,196.25216530817
JHI-Hv50k-2016-507320,L.14,196.25216530817
JHI-Hv50k-2016-509417,L.14,204.387725319036
JHI-Hv50k-2016-509490,L.14,205.818044029375
JHI-Hv50k-2016-510759,L.14,206.52363550645
JHI-Hv50k-2016-509454,L.14,206.52363550645
JHI-Hv50k-2016-509438,L.14,206.52363550645
JHI-Hv50k-2016-509869,L.14,207.277940907858
JHI-Hv50k-2016-509843,L.14,207.277940907858
JHI-Hv50k-2016-509829,L.14,207.277940907858
JHI-Hv50k-2016-509793,L.14,207.277940907858
JHI-Hv50k-2016-509794,L.14,208.077757747781
JHI-Hv50k-2016-509791,L.14,208.077757747781
JHI-Hv50k-2016-509453,L.14,208.890482866936
JHI-Hv50k-2016-510990,L.14,212.099893380148
JHI-Hv50k-2016-511004,L.14,213.120484687406
M_E_132,L.14,218.026439747983
M_E_131,L.14,221.777401769261
M_E_133,L.14,224.177720366746
JHI-Hv50k-2016-511926,L.14,228.462802980655
JHI-Hv50k-2016-511923,L.14,228.462802980655
JHI-Hv50k-2016-511767,L.14,228.462802980655
JHI-Hv50k-2016-512560,L.14,229.587669307124
JHI-Hv50k-2016-512541,L.14,230.291941231291
JHI-Hv50k-2016-512623,L.14,231.792243360173
JHI-Hv50k-2016-515005,L.14,232.565815902758
JHI-Hv50k-2016-513101,L.14,232.565815902758
JHI-Hv50k-2016-512845,L.14,232.565815902758
JHI-Hv50k-2016-512801,L.14,232.565815902758
JHI-Hv50k-2016-513729,L.14,235.510391794168
JHI-Hv50k-2016-513701,L.14,235.510391794168
JHI-Hv50k-2016-513459,L.14,236.214663718335
JHI-Hv50k-2016-513501,L.14,236.214663718335
JHI-Hv50k-2016-513498,L.14,236.918935642503
JHI-Hv50k-2016-513535,L.14,239.094220067244
JHI-Hv50k-2016-141407,L.15,0
JHI-Hv50k-2016-139525,L.15,3.92175036524644
JHI-Hv50k-2016-139857,L.15,3.92175036524644
JHI-Hv50k-2016-139435,L.15,3.92175036524644
JHI-Hv50k-2016-139657,L.15,5.62973488619349
JHI-Hv50k-2016-139333,L.15,5.62973488619349
JHI-Hv50k-2016-139283,L.15,5.62973488619349
M_E_34,L.15,5.62973488619349
JHI-Hv50k-2016-138980,L.15,8.11545356429027
JHI-Hv50k-2016-138947,L.15,9.01945711853082
JHI-Hv50k-2016-137060,L.15,16.9131739456779
JHI-Hv50k-2016-136164,L.15,18.5666665396521
JHI-Hv50k-2016-135562,L.15,19.3220347499385
JHI-Hv50k-2016-135561,L.15,19.3220347499385
JHI-Hv50k-2016-135382,L.15,20.0741918048612
JHI-Hv50k-2016-135356,L.15,20.0741918048612
JHI-Hv50k-2016-135171,L.15,20.0741918048612
JHI-Hv50k-2016-135041,L.15,20.0741918048612
JHI-Hv50k-2016-132414,L.15,25.8820720142713
JHI-Hv50k-2016-132248,L.15,25.8820720142713
JHI-Hv50k-2016-132236,L.15,25.8820720142713
JHI-Hv50k-2016-132172,L.15,25.8820720142713
JHI-Hv50k-2016-132108,L.15,25.8820720142713
JHI-Hv50k-2016-131709,L.15,26.9451154230774
JHI-Hv50k-2016-130764,L.15,29.502114785675
JHI-Hv50k-2016-130522,L.15,29.502114785675
JHI-Hv50k-2016-131292,L.15,29.502114785675
JHI-Hv50k-2016-131291,L.15,29.502114785675
JHI-Hv50k-2016-131311,L.15,30.5920143817857
M_E_33,L.15,34.2322768054918
M_E_147,L.16,0
M_E_97,L.16,1.84782773603471
M_E_96,L.16,5.96502849593967
M_E_95,L.16,5.96502849593967
M_E_94,L.16,9.75212232106766
JHI-Hv50k-2016-362394,L.16,11.8371867466627
JHI-Hv50k-2016-362392,L.16,11.8371867466627
JHI-Hv50k-2016-363935,L.16,12.5414586708301
JHI-Hv50k-2016-362460,L.16,12.5414586708301
JHI-Hv50k-2016-365997,L.16,13.2457305949975
JHI-Hv50k-2016-367779,L.16,13.2457305949975
JHI-Hv50k-2016-364953,L.16,13.9500025191649
JHI-Hv50k-2016-365782,L.16,13.9500025191649
JHI-Hv50k-2016-365954,L.16,14.6542744433323
JHI-Hv50k-2016-362982,L.16,15.3596065823802
JHI-Hv50k-2016-232582,L.16,15.3596065823802
JHI-Hv50k-2016-363055,L.16,15.3596065823802
JHI-Hv50k-2016-363030,L.16,15.3596065823802
JHI-Hv50k-2016-362999,L.16,15.3596065823802
JHI-Hv50k-2016-362998,L.16,15.3596065823802
JHI-Hv50k-2016-362994,L.16,15.3596065823802
JHI-Hv50k-2016-362796,L.16,15.3596065823802
JHI-Hv50k-2016-362791,L.16,15.3596065823802
JHI-Hv50k-2016-362645,L.16,15.3596065823802
JHI-Hv50k-2016-362587,L.16,15.3596065823802
JHI-Hv50k-2016-362514,L.16,15.3596065823802
JHI-Hv50k-2016-362484,L.16,15.3596065823802
JHI-Hv50k-2016-362630,L.16,15.3596065823802
JHI-Hv50k-2016-364108,L.16,16.0649387214281
JHI-Hv50k-2016-364522,L.16,16.7692106455955
JHI-Hv50k-2016-363800,L.16,17.4734825697629
JHI-Hv50k-2016-359873,L.16,21.7015160321632
JHI-Hv50k-2016-359874,L.16,21.7015160321632
JHI-Hv50k-2016-359870,L.16,21.7015160321632
JHI-Hv50k-2016-359470,L.16,22.8092168748453
JHI-Hv50k-2016-359473,L.16,22.8092168748453
JHI-Hv50k-2016-357757,L.16,28.8678374334711
JHI-Hv50k-2016-357721,L.16,28.8678374334711
JHI-Hv50k-2016-357209,L.16,30.9207206112143
JHI-Hv50k-2016-356913,L.16,30.9207206112143
M_E_93,L.16,33.8393965786647
M_E_92,L.16,35.280819609344
JHI-Hv50k-2016-355863,L.16,39.1196261617716
JHI-Hv50k-2016-357013,L.16,39.1196261617716
JHI-Hv50k-2016-356272,L.16,39.1196261617716
JHI-Hv50k-2016-356258,L.16,39.1196261617716
JHI-Hv50k-2016-356505,L.16,39.1196261617716
M_E_91,L.16,39.1196261617716
JHI-Hv50k-2016-355145,L.16,40.2815192427416
JHI-Hv50k-2016-354871,L.16,42.4568036674824
JHI-Hv50k-2016-354346,L.16,42.4568036674824
JHI-Hv50k-2016-354324,L.16,42.4568036674824
JHI-Hv50k-2016-353447,L.16,43.8857640134811
JHI-Hv50k-2016-353080,L.16,44.5900359376485
JHI-Hv50k-2016-352657,L.16,45.2943078618159
M_E_90,L.16,49.0373685412174
M_E_89,L.16,50.03777453853
JHI-Hv50k-2016-351253,L.16,53.1572692431634
JHI-Hv50k-2016-352388,L.16,54.166521082294
JHI-Hv50k-2016-352383,L.16,55.2853700793773
JHI-Hv50k-2016-370179,L.16,56.1023159857946
JHI-Hv50k-2016-351257,L.16,57.6472719544833
JHI-Hv50k-2016-351256,L.16,57.6472719544833
JHI-Hv50k-2016-351251,L.16,57.6472719544833
JHI-Hv50k-2016-351024,L.16,58.3515438786507
JHI-Hv50k-2016-418542,L.16,59.0558158028181
JHI-Hv50k-2016-349887,L.16,61.2311002275589
JHI-Hv50k-2016-349922,L.16,61.9353721517263
JHI-Hv50k-2016-349878,L.16,62.6396440758937
JHI-Hv50k-2016-349626,L.16,63.3439160000611
JHI-Hv50k-2016-349606,L.16,63.3439160000611
M_E_139,L.16,65.5192004248018
JHI-Hv50k-2016-349816,L.16,67.6944848495426
JHI-Hv50k-2016-349709,L.16,67.6944848495426
JHI-Hv50k-2016-349695,L.16,67.6944848495426
JHI-Hv50k-2016-348262,L.16,70.3322701761907
JHI-Hv50k-2016-348257,L.16,70.3322701761907
M_E_88,L.16,73.5874482738402
JHI-Hv50k-2016-348060,L.16,76.5320241652498
JHI-Hv50k-2016-348014,L.16,76.5320241652498
JHI-Hv50k-2016-347304,L.16,78.7073085899905
JHI-Hv50k-2016-347288,L.16,78.7073085899905
JHI-Hv50k-2016-347269,L.16,78.7073085899905
JHI-Hv50k-2016-346572,L.16,80.8825930147313
JHI-Hv50k-2016-501430,L.16,80.8825930147313
JHI-Hv50k-2016-148295,L.16,81.5868649388987
JHI-Hv50k-2016-346493,L.16,81.5868649388987
JHI-Hv50k-2016-346264,L.16,81.5868649388987
JHI-Hv50k-2016-346190,L.16,81.5868649388987
JHI-Hv50k-2016-346089,L.16,82.2911368630661
M_E_87,L.16,84.4666901699947
M_E_86,L.16,87.4165483312338
M_E_85,L.16,87.4165483312338
JHI-Hv50k-2016-345222,L.16,90.3661324092538
JHI-Hv50k-2016-345308,L.16,91.0704043334212
JHI-Hv50k-2016-345023,L.16,91.7746762575886
JHI-Hv50k-2016-345007,L.16,91.7746762575886
JHI-Hv50k-2016-344783,L.16,91.7746762575886
JHI-Hv50k-2016-343992,L.16,93.9499606823294
JHI-Hv50k-2016-343989,L.16,93.9499606823294
JHI-Hv50k-2016-344492,L.16,95.3789210283281
JHI-Hv50k-2016-344416,L.16,96.8078813743268
JHI-Hv50k-2016-344270,L.16,96.8078813743268
JHI-Hv50k-2016-344252,L.16,96.8078813743268
JHI-Hv50k-2016-344250,L.16,96.8078813743268
JHI-Hv50k-2016-344283,L.16,98.2368417203255
JHI-Hv50k-2016-343714,L.16,101.9751350696
JHI-Hv50k-2016-343697,L.16,101.9751350696
JHI-Hv50k-2016-343805,L.16,102.679406993767
JHI-Hv50k-2016-343804,L.16,102.679406993767
JHI-Hv50k-2016-343718,L.16,102.679406993767
JHI-Hv50k-2016-343698,L.16,102.679406993767
JHI-Hv50k-2016-343645,L.16,102.679406993767
JHI-Hv50k-2016-343074,L.16,102.679406993767
JHI-Hv50k-2016-342239,L.16,102.679406993767
JHI-Hv50k-2016-342199,L.16,102.679406993767
JHI-Hv50k-2016-342192,L.16,102.679406993767
JHI-Hv50k-2016-342191,L.16,102.679406993767
JHI-Hv50k-2016-342189,L.16,102.679406993767
JHI-Hv50k-2016-342184,L.16,102.679406993767
JHI-Hv50k-2016-342174,L.16,102.679406993767
JHI-Hv50k-2016-341523,L.16,103.388141970128
JHI-Hv50k-2016-341002,L.16,103.388141970128
JHI-Hv50k-2016-341994,L.16,104.836860037401
JHI-Hv50k-2016-341946,L.16,104.836860037401
JHI-Hv50k-2016-341937,L.16,104.836860037401
JHI-Hv50k-2016-341936,L.16,104.836860037401
JHI-Hv50k-2016-341934,L.16,104.836860037401
JHI-Hv50k-2016-341929,L.16,104.836860037401
JHI-Hv50k-2016-342820,L.16,104.836860037401
JHI-Hv50k-2016-342445,L.16,104.836860037401
JHI-Hv50k-2016-340437,L.16,105.641635769892
JHI-Hv50k-2016-340433,L.16,105.641635769892
JHI-Hv50k-2016-340365,L.16,105.641635769892
JHI-Hv50k-2016-339056,L.16,107.538431005191
JHI-Hv50k-2016-338916,L.16,107.538431005191
JHI-Hv50k-2016-340037,L.16,108.580050820313
JHI-Hv50k-2016-338851,L.16,109.579691216596
JHI-Hv50k-2016-338418,L.16,109.579691216596
JHI-Hv50k-2016-338704,L.16,110.283963140763
JHI-Hv50k-2016-338495,L.16,110.283963140763
JHI-Hv50k-2016-338603,L.16,110.283963140763
JHI-Hv50k-2016-338621,L.16,110.283963140763
JHI-Hv50k-2016-338081,L.16,111.957174053325
JHI-Hv50k-2016-338080,L.16,111.957174053325
JHI-Hv50k-2016-337992,L.16,111.957174053325
JHI-Hv50k-2016-337660,L.16,113.171445165682
JHI-Hv50k-2016-337616,L.16,113.171445165682
JHI-Hv50k-2016-337389,L.16,114.48100199599
JHI-Hv50k-2016-337849,L.16,116.845530915568
JHI-Hv50k-2016-337832,L.16,116.845530915568
M_E_82,L.16,121.719957081225
M_E_84,L.16,125.820938602781
M_E_83,L.16,128.696455214082
M_E_81,L.16,136.034214758107
JHI-Hv50k-2016-336833,L.16,139.886331551667
JHI-Hv50k-2016-336801,L.16,139.886331551667
JHI-Hv50k-2016-336771,L.16,139.886331551667
JHI-Hv50k-2016-336770,L.16,139.886331551667
JHI-Hv50k-2016-336748,L.16,139.886331551667
JHI-Hv50k-2016-336665,L.16,141.786826613791
JHI-Hv50k-2016-336681,L.16,141.786826613791
JHI-Hv50k-2016-336517,L.16,144.297350617046
JHI-Hv50k-2016-336398,L.16,144.297350617046
JHI-Hv50k-2016-335949,L.16,144.297350617046
JHI-Hv50k-2016-335934,L.16,144.297350617046
JHI-Hv50k-2016-335931,L.16,144.297350617046
JHI-Hv50k-2016-335882,L.16,144.297350617046
JHI-Hv50k-2016-335824,L.16,144.297350617046
JHI-Hv50k-2016-335543,L.16,144.297350617046
JHI-Hv50k-2016-335374,L.16,144.297350617046
JHI-Hv50k-2016-334221,L.16,144.297350617046
JHI-Hv50k-2016-334219,L.16,144.297350617046
JHI-Hv50k-2016-334056,L.16,144.297350617046
JHI-Hv50k-2016-335947,L.16,144.297350617046
JHI-Hv50k-2016-335942,L.16,144.297350617046
JHI-Hv50k-2016-335887,L.16,144.297350617046
JHI-Hv50k-2016-335886,L.16,144.297350617046
JHI-Hv50k-2016-335885,L.16,144.297350617046
JHI-Hv50k-2016-335880,L.16,144.297350617046
JHI-Hv50k-2016-335869,L.16,144.297350617046
JHI-Hv50k-2016-332956,L.16,145.081853416963
JHI-Hv50k-2016-332891,L.16,145.081853416963
JHI-Hv50k-2016-332530,L.16,145.081853416963
JHI-Hv50k-2016-333761,L.16,145.081853416963
JHI-Hv50k-2016-333643,L.16,145.081853416963
JHI-Hv50k-2016-333626,L.16,145.081853416963
JHI-Hv50k-2016-333582,L.16,145.081853416963
JHI-Hv50k-2016-333580,L.16,145.081853416963
JHI-Hv50k-2016-332986,L.16,145.081853416963
M_E_76,L.16,148.428715017888
M_E_79,L.16,149.80385045548
M_E_77,L.16,149.80385045548
M_E_78,L.16,151.193584541402
M_E_80,L.16,154.087622387617
M_E_75,L.16,157.086824254139
M_E_74,L.16,158.610672870516
JHI-Hv50k-2016-332058,L.16,162.410746852692
JHI-Hv50k-2016-331809,L.16,163.115018776859
JHI-Hv50k-2016-331662,L.16,163.819290701026
JHI-Hv50k-2016-331300,L.16,163.819290701026
JHI-Hv50k-2016-329268,L.16,166.7721828986
M_E_73,L.16,170.894792877457
JHI-Hv50k-2016-327859,L.16,177.285395284933
JHI-Hv50k-2016-327706,L.16,177.285395284933
JHI-Hv50k-2016-325373,L.16,185.423711115675
JHI-Hv50k-2016-194354,L.16,193.559271126541
JHI-Hv50k-2016-322677,L.16,194.263543050708
JHI-Hv50k-2016-322287,L.16,195.692503396707
JHI-Hv50k-2016-321134,L.16,197.867787821447
M_E_72,L.16,200.444775950107
M_E_71,L.16,200.444775950107
M_E_70,L.16,202.663499108107
M_E_69,L.16,204.298038646308
M_E_68,L.16,206.303114675253
M_E_67,L.16,209.534668799954
M_E_66,L.16,209.534668799954
JHI-Hv50k-2016-319760,L.16,212.127119134454
JHI-Hv50k-2016-319731,L.16,212.127119134454
JHI-Hv50k-2016-319361,L.16,212.127119134454
JHI-Hv50k-2016-319359,L.16,212.127119134454
JHI-Hv50k-2016-319917,L.16,213.576922372795
JHI-Hv50k-2016-319914,L.16,213.576922372795
M_E_64,L.16,217.939069244605
M_E_65,L.16,219.758550305972
JHI-Hv50k-2016-317717,L.16,222.328747791083
JHI-Hv50k-2016-317355,L.16,223.757206791192
JHI-Hv50k-2016-317495,L.16,224.46147871536
JHI-Hv50k-2016-317440,L.16,225.301736597405
JHI-Hv50k-2016-317176,L.16,227.468083813281
JHI-Hv50k-2016-317201,L.16,227.468083813281
JHI-Hv50k-2016-316792,L.16,233.932854485023
JHI-Hv50k-2016-316787,L.16,233.932854485023
JHI-Hv50k-2016-316785,L.16,233.932854485023
JHI-Hv50k-2016-316782,L.16,233.932854485023
JHI-Hv50k-2016-315311,L.16,242.180170121929
JHI-Hv50k-2016-315261,L.16,242.180170121929
JHI-Hv50k-2016-314664,L.16,244.443462652287
JHI-Hv50k-2016-314653,L.16,244.443462652287
JHI-Hv50k-2016-314398,L.16,246.730113982862
JHI-Hv50k-2016-314066,L.16,248.350820392622
JHI-Hv50k-2016-314045,L.16,249.983274192661
JHI-Hv50k-2016-313869,L.16,253.250466697756
JHI-Hv50k-2016-313788,L.16,254.350139386697
JHI-Hv50k-2016-312273,L.16,263.151529499638
JHI-Hv50k-2016-225426,L.17,0
JHI-Hv50k-2016-225326,L.17,0
JHI-Hv50k-2016-225192,L.17,0
JHI-Hv50k-2016-223743,L.17,6.35494716801993
JHI-Hv50k-2016-223930,L.17,7.11687162272994
JHI-Hv50k-2016-223558,L.17,7.11687162272994
JHI-Hv50k-2016-223079,L.17,7.92320834804439
JHI-Hv50k-2016-222723,L.17,9.24753543583233
JHI-Hv50k-2016-222146,L.17,9.24753543583233
JHI-Hv50k-2016-222101,L.17,9.24753543583233
JHI-Hv50k-2016-222988,L.17,9.95180735999974
JHI-Hv50k-2016-222987,L.17,9.95180735999974
JHI-Hv50k-2016-222985,L.17,9.95180735999974
JHI-Hv50k-2016-222976,L.17,9.95180735999974
JHI-Hv50k-2016-222380,L.17,9.95180735999974
JHI-Hv50k-2016-222375,L.17,9.95180735999974
JHI-Hv50k-2016-221993,L.17,9.95180735999974
M_E_54,L.17,11.4053753867441
M_E_56,L.18,0
JHI-Hv50k-2016-229426,L.18,3.67720086053386
JHI-Hv50k-2016-228937,L.18,5.13485449473799
JHI-Hv50k-2016-229564,L.18,8.20870811019048
JHI-Hv50k-2016-228680,L.18,12.2934243889603
JHI-Hv50k-2016-228676,L.18,12.2934243889603
JHI-Hv50k-2016-228669,L.18,12.2934243889603
JHI-Hv50k-2016-228570,L.18,14.2141182957452
JHI-Hv50k-2016-228568,L.18,15.1500891980205
JHI-Hv50k-2016-228563,L.18,15.1500891980205
JHI-Hv50k-2016-228301,L.18,24.0867813982775
JHI-Hv50k-2016-228296,L.18,24.0867813982775
JHI-Hv50k-2016-227713,L.18,27.1724034586109
JHI-Hv50k-2016-227709,L.18,27.1724034586109
JHI-Hv50k-2016-227400,L.18,28.6013638046096
JHI-Hv50k-2016-227212,L.18,28.6013638046096
JHI-Hv50k-2016-227194,L.18,28.6013638046096
JHI-Hv50k-2016-226641,L.18,29.305635728777
JHI-Hv50k-2016-226631,L.18,29.305635728777
JHI-Hv50k-2016-394279,L.18,29.305635728777
JHI-Hv50k-2016-226115,L.18,30.0099076529444
JHI-Hv50k-2016-225731,L.18,30.0099076529444
JHI-Hv50k-2016-226481,L.18,30.7141795771118
JHI-Hv50k-2016-226470,L.18,30.7141795771118
JHI-Hv50k-2016-225938,L.18,30.7141795771118
M_E_55,L.18,34.4524729263859
JHI-Hv50k-2016-227729,L.18,36.6277573511267
JHI-Hv50k-2016-227802,L.18,38.0567176971254
JHI-Hv50k-2016-227912,L.18,38.7637795724984
JHI-Hv50k-2016-228055,L.18,40.1960783830939
M_E_59,L.19,0
JHI-Hv50k-2016-241967,L.19,4.55803891984887
JHI-Hv50k-2016-241134,L.19,4.55803891984887
JHI-Hv50k-2016-240736,L.19,4.55803891984887
JHI-Hv50k-2016-245220,L.19,6.91283251171819
JHI-Hv50k-2016-382077,L.19,6.91283251171819
JHI-Hv50k-2016-245070,L.19,7.88383473892486
JHI-Hv50k-2016-245279,L.19,7.88383473892486
JHI-Hv50k-2016-244979,L.19,7.88383473892486
JHI-Hv50k-2016-244517,L.19,7.88383473892486
JHI-Hv50k-2016-244516,L.19,7.88383473892486
JHI-Hv50k-2016-232659,L.19,21.0738239450726
JHI-Hv50k-2016-232627,L.19,21.77809586924
JHI-Hv50k-2016-232625,L.19,21.77809586924
JHI-Hv50k-2016-232227,L.19,25.5163892185141
M_E_57,L.19,26.866103320535
M_E_58,L.19,26.866103320535
JHI-Hv50k-2016-232109,L.19,28.4974333531847
JHI-Hv50k-2016-232106,L.19,28.4974333531847
JHI-Hv50k-2016-232100,L.19,28.4974333531847
JHI-Hv50k-2016-231992,L.19,28.4974333531847
JHI-Hv50k-2016-231991,L.19,28.4974333531847
JHI-Hv50k-2016-231960,L.19,28.4974333531847
JHI-Hv50k-2016-231956,L.19,28.4974333531847
JHI-Hv50k-2016-231926,L.19,28.4974333531847
JHI-Hv50k-2016-231843,L.19,29.9263936991834
JHI-Hv50k-2016-231761,L.19,29.9263936991834
JHI-Hv50k-2016-231654,L.19,33.6646870484575
JHI-Hv50k-2016-231652,L.19,33.6646870484575
JHI-Hv50k-2016-231560,L.19,35.6388524734488
JHI-Hv50k-2016-231558,L.19,35.6388524734488
JHI-Hv50k-2016-231550,L.19,35.6388524734488
JHI-Hv50k-2016-231316,L.19,39.9107525591833
JHI-Hv50k-2016-58046,L.2,0
JHI-Hv50k-2016-56745,L.2,1.42896034599872
JHI-Hv50k-2016-56440,L.2,1.42896034599872
JHI-Hv50k-2016-56556,L.2,2.13323227016612
JHI-Hv50k-2016-50111,L.2,14.445144397611
JHI-Hv50k-2016-49930,L.2,14.445144397611
JHI-Hv50k-2016-51027,L.2,33.8911329247967
JHI-Hv50k-2016-51025,L.2,33.8911329247967
JHI-Hv50k-2016-51019,L.2,33.8911329247967
JHI-Hv50k-2016-50954,L.2,33.8911329247967
JHI-Hv50k-2016-50304,L.2,33.8911329247967
JHI-Hv50k-2016-50280,L.2,33.8911329247967
JHI-Hv50k-2016-51945,L.2,37.2937781169763
JHI-Hv50k-2016-51979,L.2,37.2937781169763
M_E_13,L.2,42.4075236767806
JHI-Hv50k-2016-52321,L.2,46.767124440811
JHI-Hv50k-2016-52253,L.2,46.767124440811
JHI-Hv50k-2016-53290,L.2,51.5211090292931
JHI-Hv50k-2016-53255,L.2,51.5211090292931
JHI-Hv50k-2016-53930,L.2,56.7555949705707
JHI-Hv50k-2016-53916,L.2,56.7555949705707
JHI-Hv50k-2016-55106,L.2,60.0956509401109
JHI-Hv50k-2016-55006,L.2,60.0956509401109
JHI-Hv50k-2016-54979,L.2,60.0956509401109
JHI-Hv50k-2016-55169,L.2,61.1611529066336
JHI-Hv50k-2016-55455,L.2,63.8002957249159
JHI-Hv50k-2016-55454,L.2,63.8002957249159
JHI-Hv50k-2016-55371,L.2,63.8002957249159
JHI-Hv50k-2016-55187,L.2,63.8002957249159
JHI-Hv50k-2016-56771,L.2,65.3091823261425
JHI-Hv50k-2016-56768,L.2,65.3091823261425
JHI-Hv50k-2016-56738,L.2,65.3091823261425
JHI-Hv50k-2016-56727,L.2,65.3091823261425
JHI-Hv50k-2016-56558,L.2,65.3091823261425
JHI-Hv50k-2016-56496,L.2,65.3091823261425
JHI-Hv50k-2016-56387,L.2,65.3091823261425
JHI-Hv50k-2016-56366,L.2,65.3091823261425
JHI-Hv50k-2016-56239,L.2,65.3091823261425
JHI-Hv50k-2016-55395,L.2,65.3091823261425
JHI-Hv50k-2016-56112,L.2,66.8109917405287
JHI-Hv50k-2016-55854,L.2,66.8109917405287
JHI-Hv50k-2016-57940,L.2,70.377613315086
JHI-Hv50k-2016-240143,L.20,0
JHI-Hv50k-2016-266659,L.21,0
JHI-Hv50k-2016-265719,L.21,2.17528442474074
JHI-Hv50k-2016-265718,L.21,2.17528442474074
JHI-Hv50k-2016-265729,L.21,2.87955634890815
JHI-Hv50k-2016-265464,L.21,2.87955634890815
JHI-Hv50k-2016-263069,L.21,7.43759526875702
JHI-Hv50k-2016-263068,L.21,7.43759526875702
JHI-Hv50k-2016-263067,L.21,7.43759526875702
JHI-Hv50k-2016-263064,L.21,7.43759526875702
JHI-Hv50k-2016-261365,L.21,15.5731552796227
JHI-Hv50k-2016-261643,L.21,16.2774272037901
JHI-Hv50k-2016-279552,L.22,0
JHI-Hv50k-2016-279226,L.22,0.724966890934098
JHI-Hv50k-2016-279216,L.22,0.724966890934098
JHI-Hv50k-2016-279165,L.22,0.724966890934098
JHI-Hv50k-2016-278973,L.22,2.15392723693281
JHI-Hv50k-2016-278970,L.22,2.15392723693281
JHI-Hv50k-2016-278969,L.22,2.15392723693281
JHI-Hv50k-2016-278959,L.22,2.15392723693281
JHI-Hv50k-2016-278646,L.22,3.58288758293153
JHI-Hv50k-2016-278571,L.22,4.28715950709894
JHI-Hv50k-2016-278561,L.22,4.28715950709894
JHI-Hv50k-2016-278528,L.22,4.99143143126635
JHI-Hv50k-2016-317761,L.23,0
M_E_60,L.24,0
JHI-Hv50k-2016-282798,L.24,0.704271924167408
JHI-Hv50k-2016-282345,L.24,1.40854384833482
JHI-Hv50k-2016-282392,L.24,1.40854384833482
JHI-Hv50k-2016-282395,L.24,1.40854384833482
JHI-Hv50k-2016-282389,L.24,3.58382827307556
JHI-Hv50k-2016-282443,L.24,3.58382827307556
M_E_119,L.25,0
JHI-Hv50k-2016-456555,L.25,3.91519810038577
JHI-Hv50k-2016-456593,L.25,4.68276447501637
JHI-Hv50k-2016-456985,L.25,5.53883871645898
JHI-Hv50k-2016-456942,L.25,6.48907447650888
JHI-Hv50k-2016-457722,L.25,8.3011274787327
JHI-Hv50k-2016-458411,L.25,9.34203112594648
JHI-Hv50k-2016-458084,L.25,9.34203112594648
JHI-Hv50k-2016-458631,L.25,9.34203112594648
JHI-Hv50k-2016-458086,L.25,10.0463030501139
JHI-Hv50k-2016-458777,L.25,10.7505779185822
JHI-Hv50k-2016-457721,L.25,12.9259260625179
JHI-Hv50k-2016-453342,L.25,25.1442442005509
JHI-Hv50k-2016-453425,L.25,25.1442442005509
JHI-Hv50k-2016-453335,L.25,25.1442442005509
JHI-Hv50k-2016-453327,L.25,25.1442442005509
JHI-Hv50k-2016-453326,L.25,25.1442442005509
JHI-Hv50k-2016-453317,L.25,25.1442442005509
JHI-Hv50k-2016-453316,L.25,25.1442442005509
JHI-Hv50k-2016-453315,L.25,25.1442442005509
JHI-Hv50k-2016-453012,L.25,25.1442442005509
JHI-Hv50k-2016-452991,L.25,25.1442442005509
JHI-Hv50k-2016-451988,L.25,31.5009612742352
M_E_118,L.25,33.0950987946412
M_E_117,L.25,37.4672468077702
JHI-Hv50k-2016-451314,L.25,41.0558090575271
JHI-Hv50k-2016-450765,L.25,42.6823065031588
JHI-Hv50k-2016-450275,L.25,47.4160265039638
JHI-Hv50k-2016-449256,L.25,51.2420332788643
JHI-Hv50k-2016-449990,L.25,51.9463052030317
JHI-Hv50k-2016-448891,L.25,52.7340983144846
JHI-Hv50k-2016-447751,L.25,54.3323659238637
JHI-Hv50k-2016-448089,L.25,55.308487120105
JHI-Hv50k-2016-447752,L.25,55.308487120105
JHI-Hv50k-2016-447146,L.25,56.301534995428
JHI-Hv50k-2016-446917,L.25,56.301534995428
JHI-Hv50k-2016-447324,L.25,56.301534995428
JHI-Hv50k-2016-446461,L.25,57.219856812872
JHI-Hv50k-2016-446009,L.25,57.219856812872
JHI-Hv50k-2016-445179,L.25,57.219856812872
JHI-Hv50k-2016-444853,L.25,57.219856812872
JHI-Hv50k-2016-444808,L.25,57.219856812872
JHI-Hv50k-2016-444292,L.25,58.0549171735298
JHI-Hv50k-2016-443609,L.25,58.0549171735298
JHI-Hv50k-2016-443476,L.25,58.0549171735298
JHI-Hv50k-2016-443526,L.25,58.9418681356566
JHI-Hv50k-2016-443481,L.25,58.9418681356566
JHI-Hv50k-2016-442440,L.25,60.1841605593841
JHI-Hv50k-2016-440921,L.25,62.0397617398433
JHI-Hv50k-2016-440902,L.25,62.0397617398433
JHI-Hv50k-2016-440888,L.25,62.0397617398433
JHI-Hv50k-2016-440881,L.25,62.0397617398433
JHI-Hv50k-2016-440879,L.25,62.0397617398433
JHI-Hv50k-2016-440878,L.25,62.0397617398433
JHI-Hv50k-2016-440885,L.25,62.0397617398433
JHI-Hv50k-2016-440612,L.25,64.6547298577459
JHI-Hv50k-2016-440728,L.25,65.7879468822217
JHI-Hv50k-2016-439749,L.25,66.831396902351
JHI-Hv50k-2016-439748,L.25,66.831396902351
JHI-Hv50k-2016-439545,L.25,66.831396902351
JHI-Hv50k-2016-439996,L.25,67.8570817236861
JHI-Hv50k-2016-437996,L.25,70.204340821689
JHI-Hv50k-2016-437598,L.25,70.204340821689
JHI-Hv50k-2016-437597,L.25,70.204340821689
JHI-Hv50k-2016-437197,L.25,70.204340821689
JHI-Hv50k-2016-436469,L.25,70.204340821689
JHI-Hv50k-2016-436250,L.25,70.204340821689
JHI-Hv50k-2016-435274,L.25,70.204340821689
JHI-Hv50k-2016-437051,L.25,71.6942148291448
M_E_116,L.25,74.6387907205544
JHI-Hv50k-2016-492407,L.26,0
JHI-Hv50k-2016-518089,L.27,0
JHI-Hv50k-2016-518416,L.27,2.94457589140959
JHI-Hv50k-2016-518465,L.27,2.94457589140959
JHI-Hv50k-2016-518669,L.27,2.94457589140959
JHI-Hv50k-2016-518726,L.27,2.94457589140959
JHI-Hv50k-2016-518794,L.27,2.94457589140959
JHI-Hv50k-2016-518799,L.27,2.94457589140959
JHI-Hv50k-2016-518814,L.27,2.94457589140959
M_E_53,L.28,0
M_E_136,L.29,0
M_E_5,L.3,0
M_E_6,L.3,3.73439826712893
JHI-Hv50k-2016-37481,L.3,7.89669360188719
JHI-Hv50k-2016-37484,L.3,7.89669360188719
JHI-Hv50k-2016-30997,L.3,19.0973116650612
JHI-Hv50k-2016-26496,L.3,22.0418875564708
JHI-Hv50k-2016-20858,L.3,27.4474652682117
M_E_4,L.3,31.4617000587412
JHI-Hv50k-2016-18382,L.3,36.5085961667308
JHI-Hv50k-2016-17893,L.3,36.5085961667308
JHI-Hv50k-2016-18386,L.3,36.5085961667308
JHI-Hv50k-2016-18385,L.3,36.5085961667308
JHI-Hv50k-2016-18373,L.3,36.5085961667308
JHI-Hv50k-2016-18338,L.3,36.5085961667308
JHI-Hv50k-2016-18189,L.3,36.5085961667308
JHI-Hv50k-2016-16604,L.3,39.4536668891666
JHI-Hv50k-2016-16601,L.3,39.4536668891666
JHI-Hv50k-2016-16559,L.3,39.4536668891666
JHI-Hv50k-2016-16527,L.3,40.157938813334
JHI-Hv50k-2016-16506,L.3,40.157938813334
JHI-Hv50k-2016-16495,L.3,40.157938813334
JHI-Hv50k-2016-16518,L.3,40.157938813334
JHI-Hv50k-2016-16542,L.3,40.8660637514253
JHI-Hv50k-2016-16526,L.3,40.8660637514253
JHI-Hv50k-2016-16517,L.3,40.8660637514253
JHI-Hv50k-2016-16516,L.3,40.8660637514253
JHI-Hv50k-2016-16514,L.3,40.8660637514253
JHI-Hv50k-2016-16505,L.3,40.8660637514253
JHI-Hv50k-2016-16499,L.3,40.8660637514253
JHI-Hv50k-2016-15963,L.3,43.8148539072614
JHI-Hv50k-2016-16067,L.3,44.5191258314288
JHI-Hv50k-2016-15410,L.3,47.1928493689489
JHI-Hv50k-2016-15254,L.3,47.1928493689489
JHI-Hv50k-2016-15348,L.3,47.1928493689489
JHI-Hv50k-2016-15327,L.3,47.1928493689489
JHI-Hv50k-2016-15324,L.3,47.1928493689489
JHI-Hv50k-2016-15322,L.3,47.1928493689489
JHI-Hv50k-2016-15633,L.3,47.1928493689489
JHI-Hv50k-2016-15222,L.3,48.3498054890416
JHI-Hv50k-2016-15183,L.3,48.3498054890416
JHI-Hv50k-2016-15198,L.3,49.3747208753713
JHI-Hv50k-2016-15068,L.3,50.5210697433356
JHI-Hv50k-2016-15051,L.3,50.5210697433356
JHI-Hv50k-2016-14760,L.3,51.3056014516963
JHI-Hv50k-2016-15134,L.3,51.3056014516963
JHI-Hv50k-2016-15129,L.3,51.3056014516963
JHI-Hv50k-2016-15127,L.3,51.3056014516963
JHI-Hv50k-2016-14418,L.3,52.7733281736496
JHI-Hv50k-2016-13582,L.3,52.7733281736496
M_E_3,L.3,57.3562799470943
JHI-Hv50k-2016-13067,L.3,62.7876300192999
M_E_134,L.3,67.354973677977
JHI-Hv50k-2016-11980,L.3,71.1022715591525
JHI-Hv50k-2016-11911,L.3,71.8065434833199
JHI-Hv50k-2016-11910,L.3,71.8065434833199
JHI-Hv50k-2016-10580,L.3,74.8517897241875
JHI-Hv50k-2016-10642,L.3,76.3003256609808
JHI-Hv50k-2016-240857,L.3,84.4300166337067
M_E_137,L.30,0
M_E_142,L.31,0
M_E_146,L.32,0
M_E_148,L.33,0
JHI-Hv50k-2016-12853,L.4,0
JHI-Hv50k-2016-434164,L.5,0
JHI-Hv50k-2016-434620,L.5,0
JHI-Hv50k-2016-434535,L.5,0
JHI-Hv50k-2016-432683,L.5,5.0977553505807
JHI-Hv50k-2016-430149,L.5,13.084113416672
JHI-Hv50k-2016-430061,L.5,13.084113416672
JHI-Hv50k-2016-433420,L.5,16.1695089015639
JHI-Hv50k-2016-428483,L.5,21.6318552017493
JHI-Hv50k-2016-428664,L.5,22.3659080370537
JHI-Hv50k-2016-428058,L.5,24.5411924617945
JHI-Hv50k-2016-427573,L.5,25.2454643859619
JHI-Hv50k-2016-427559,L.5,25.2454643859619
JHI-Hv50k-2016-427554,L.5,25.2454643859619
JHI-Hv50k-2016-427722,L.5,25.9497363101293
JHI-Hv50k-2016-426840,L.5,28.8217948837589
JHI-Hv50k-2016-306139,L.5,28.8217948837589
JHI-Hv50k-2016-426839,L.5,28.8217948837589
JHI-Hv50k-2016-426825,L.5,28.8217948837589
JHI-Hv50k-2016-426843,L.5,28.8217948837589
JHI-Hv50k-2016-165984,L.5,33.4574181669313
JHI-Hv50k-2016-425690,L.5,33.4574181669313
JHI-Hv50k-2016-425344,L.5,33.4574181669313
JHI-Hv50k-2016-425180,L.5,33.4574181669313
JHI-Hv50k-2016-425100,L.5,33.4574181669313
JHI-Hv50k-2016-424965,L.5,34.1616900910987
JHI-Hv50k-2016-424936,L.5,34.1616900910987
JHI-Hv50k-2016-424446,L.5,36.7103903004042
JHI-Hv50k-2016-424398,L.5,36.7103903004042
JHI-Hv50k-2016-424303,L.5,36.7103903004042
JHI-Hv50k-2016-424258,L.5,36.7103903004042
JHI-Hv50k-2016-424223,L.5,36.7103903004042
JHI-Hv50k-2016-423895,L.5,40.0572115757871
JHI-Hv50k-2016-423785,L.5,40.0572115757871
JHI-Hv50k-2016-423827,L.5,40.7614834999545
JHI-Hv50k-2016-423834,L.5,40.7614834999545
JHI-Hv50k-2016-423113,L.5,42.1904438459533
JHI-Hv50k-2016-423120,L.5,42.1904438459533
JHI-Hv50k-2016-423703,L.5,42.9266040450654
M_E_115,L.5,45.4739700656897
M_E_114,L.5,48.3721790840533
JHI-Hv50k-2016-422493,L.5,52.3771477829301
JHI-Hv50k-2016-422310,L.5,52.3771477829301
JHI-Hv50k-2016-421691,L.5,55.8976620648751
JHI-Hv50k-2016-420721,L.5,59.6359554141492
M_E_113,L.5,63.3910701944123
M_E_112,L.5,63.3910701944123
JHI-Hv50k-2016-421119,L.5,66.9947952077985
JHI-Hv50k-2016-419748,L.5,70.3463000066413
JHI-Hv50k-2016-419728,L.5,70.3463000066413
JHI-Hv50k-2016-419446,L.5,71.3530713372886
JHI-Hv50k-2016-419189,L.5,71.3530713372886
JHI-Hv50k-2016-419185,L.5,71.3530713372886
JHI-Hv50k-2016-419178,L.5,71.3530713372886
JHI-Hv50k-2016-419176,L.5,71.3530713372886
JHI-Hv50k-2016-419063,L.5,71.3530713372886
JHI-Hv50k-2016-419498,L.5,71.3530713372886
JHI-Hv50k-2016-418841,L.5,72.8432830269471
M_E_111,L.5,75.8564950435326
JHI-Hv50k-2016-418696,L.5,79.7197879677545
JHI-Hv50k-2016-416814,L.5,86.0026486747772
JHI-Hv50k-2016-416857,L.5,86.7231862818501
JHI-Hv50k-2016-416826,L.5,86.7231862818501
JHI-Hv50k-2016-415759,L.5,90.4431278607434
JHI-Hv50k-2016-415739,L.5,91.8720882067421
JHI-Hv50k-2016-416172,L.5,92.5763601309095
JHI-Hv50k-2016-416171,L.5,92.5763601309095
JHI-Hv50k-2016-416166,L.5,92.5763601309095
JHI-Hv50k-2016-416163,L.5,92.5763601309095
JHI-Hv50k-2016-416162,L.5,92.5763601309095
JHI-Hv50k-2016-416155,L.5,92.5763601309095
JHI-Hv50k-2016-415741,L.5,92.5763601309095
JHI-Hv50k-2016-415738,L.5,92.5763601309095
JHI-Hv50k-2016-415723,L.5,92.5763601309095
JHI-Hv50k-2016-415625,L.5,93.2806320550769
JHI-Hv50k-2016-415524,L.5,93.9849039792443
JHI-Hv50k-2016-415505,L.5,93.9849039792443
JHI-Hv50k-2016-415478,L.5,93.9849039792443
JHI-Hv50k-2016-415470,L.5,93.9849039792443
JHI-Hv50k-2016-415468,L.5,93.9849039792443
JHI-Hv50k-2016-415590,L.5,93.9849039792443
JHI-Hv50k-2016-415435,L.5,94.6891759034117
JHI-Hv50k-2016-415333,L.5,95.4107389686658
JHI-Hv50k-2016-415318,L.5,95.4107389686658
JHI-Hv50k-2016-415149,L.5,96.1665650050839
M_E_110,L.5,99.4599346412259
M_E_109,L.5,108.269229834676
JHI-Hv50k-2016-412188,L.5,110.671691826594
JHI-Hv50k-2016-412579,L.5,111.376111337752
JHI-Hv50k-2016-412578,L.5,111.376111337752
JHI-Hv50k-2016-412772,L.5,112.081754899283
JHI-Hv50k-2016-408348,L.5,114.258494093344
JHI-Hv50k-2016-408471,L.5,114.962766017511
JHI-Hv50k-2016-408756,L.5,115.667037941678
JHI-Hv50k-2016-408616,L.5,115.667037941678
M_E_108,L.5,116.3726702975
M_E_107,L.5,118.531156482609
M_E_106,L.5,119.262563747713
JHI-Hv50k-2016-406622,L.5,120.702981392092
JHI-Hv50k-2016-406391,L.5,120.702981392092
JHI-Hv50k-2016-406471,L.5,120.702981392092
JHI-Hv50k-2016-406413,L.5,120.702981392092
JHI-Hv50k-2016-406337,L.5,120.702981392092
JHI-Hv50k-2016-405857,L.5,122.145605869058
JHI-Hv50k-2016-401495,L.5,123.594730026911
JHI-Hv50k-2016-401965,L.5,123.594730026911
JHI-Hv50k-2016-402178,L.5,123.594730026911
JHI-Hv50k-2016-406973,L.5,124.308468494459
JHI-Hv50k-2016-403497,L.5,125.737656033804
JHI-Hv50k-2016-403455,L.5,125.737656033804
JHI-Hv50k-2016-403454,L.5,126.442148660051
JHI-Hv50k-2016-402969,L.5,126.442148660051
JHI-Hv50k-2016-402862,L.5,126.442148660051
JHI-Hv50k-2016-402835,L.5,126.442148660051
JHI-Hv50k-2016-404362,L.5,126.442148660051
JHI-Hv50k-2016-400782,L.5,127.871109006049
JHI-Hv50k-2016-400774,L.5,127.871109006049
JHI-Hv50k-2016-400736,L.5,127.871109006049
JHI-Hv50k-2016-399160,L.5,130.04639343079
JHI-Hv50k-2016-399074,L.5,130.04639343079
M_E_105,L.5,132.157925195025
JHI-Hv50k-2016-422311,L.5,133.101778900556
M_E_104,L.5,133.101778900556
M_E_103,L.5,133.101778900556
M_E_102,L.5,133.101778900556
JHI-Hv50k-2016-317105,L.5,134.748546769573
JHI-Hv50k-2016-323289,L.5,134.748546769573
JHI-Hv50k-2016-388395,L.5,134.748546769573
JHI-Hv50k-2016-388995,L.5,134.748546769573
JHI-Hv50k-2016-388962,L.5,134.748546769573
JHI-Hv50k-2016-389223,L.5,134.748546769573
JHI-Hv50k-2016-389220,L.5,134.748546769573
JHI-Hv50k-2016-389120,L.5,134.748546769573
JHI-Hv50k-2016-389092,L.5,134.748546769573
JHI-Hv50k-2016-389078,L.5,134.748546769573
JHI-Hv50k-2016-389066,L.5,134.748546769573
JHI-Hv50k-2016-389034,L.5,134.748546769573
JHI-Hv50k-2016-389017,L.5,134.748546769573
JHI-Hv50k-2016-388916,L.5,134.748546769573
JHI-Hv50k-2016-388853,L.5,134.748546769573
JHI-Hv50k-2016-388653,L.5,134.748546769573
JHI-Hv50k-2016-388539,L.5,134.748546769573
JHI-Hv50k-2016-388337,L.5,134.748546769573
JHI-Hv50k-2016-388150,L.5,134.748546769573
JHI-Hv50k-2016-387846,L.5,134.748546769573
JHI-Hv50k-2016-387837,L.5,134.748546769573
JHI-Hv50k-2016-387823,L.5,134.748546769573
JHI-Hv50k-2016-387808,L.5,134.748546769573
JHI-Hv50k-2016-387740,L.5,134.748546769573
JHI-Hv50k-2016-387515,L.5,134.748546769573
JHI-Hv50k-2016-387142,L.5,134.748546769573
JHI-Hv50k-2016-387087,L.5,134.748546769573
JHI-Hv50k-2016-386912,L.5,136.147478699213
JHI-Hv50k-2016-386764,L.5,136.85175062338
JHI-Hv50k-2016-386647,L.5,136.85175062338
JHI-Hv50k-2016-386478,L.5,136.85175062338
JHI-Hv50k-2016-386349,L.5,136.85175062338
JHI-Hv50k-2016-386247,L.5,136.85175062338
JHI-Hv50k-2016-385734,L.5,136.85175062338
JHI-Hv50k-2016-385516,L.5,136.85175062338
JHI-Hv50k-2016-385501,L.5,136.85175062338
JHI-Hv50k-2016-386662,L.5,136.85175062338
JHI-Hv50k-2016-386133,L.5,136.85175062338
JHI-Hv50k-2016-384979,L.5,137.556022547548
JHI-Hv50k-2016-496797,L.5,138.984982893547
JHI-Hv50k-2016-111502,L.5,147.115713896961
JHI-Hv50k-2016-387296,L.5,163.093141105672
JHI-Hv50k-2016-384308,L.5,177.787807728225
JHI-Hv50k-2016-23594,L.5,179.21752253968
JHI-Hv50k-2016-383529,L.5,180.647309654152
JHI-Hv50k-2016-382460,L.5,181.351651957841
JHI-Hv50k-2016-383145,L.5,182.08961079437
JHI-Hv50k-2016-382877,L.5,183.553249531766
JHI-Hv50k-2016-383344,L.5,184.257521455933
JHI-Hv50k-2016-382223,L.5,184.257521455933
JHI-Hv50k-2016-381960,L.5,184.961793380101
JHI-Hv50k-2016-382069,L.5,184.961793380101
JHI-Hv50k-2016-382058,L.5,184.961793380101
JHI-Hv50k-2016-381977,L.5,184.961793380101
JHI-Hv50k-2016-381961,L.5,184.961793380101
JHI-Hv50k-2016-381950,L.5,184.961793380101
JHI-Hv50k-2016-381710,L.5,185.666065304268
JHI-Hv50k-2016-381578,L.5,185.666065304268
M_E_101,L.5,187.095025650267
JHI-Hv50k-2016-381395,L.5,187.799297574434
JHI-Hv50k-2016-381219,L.5,190.743873465844
JHI-Hv50k-2016-380143,L.5,195.301912385693
JHI-Hv50k-2016-380476,L.5,195.301912385693
M_E_99,L.5,198.3235003426
M_E_100,L.5,199.145276922143
JHI-Hv50k-2016-379149,L.5,200.6272990457
JHI-Hv50k-2016-379147,L.5,200.6272990457
JHI-Hv50k-2016-379030,L.5,200.6272990457
JHI-Hv50k-2016-378987,L.5,200.6272990457
JHI-Hv50k-2016-379500,L.5,200.6272990457
JHI-Hv50k-2016-378880,L.5,201.334918638037
JHI-Hv50k-2016-378854,L.5,202.039190562205
JHI-Hv50k-2016-378829,L.5,202.039190562205
JHI-Hv50k-2016-378825,L.5,202.039190562205
JHI-Hv50k-2016-378864,L.5,202.039190562205
JHI-Hv50k-2016-378409,L.5,203.468150908203
JHI-Hv50k-2016-378180,L.5,205.643435332944
JHI-Hv50k-2016-378173,L.5,205.643435332944
JHI-Hv50k-2016-378036,L.5,207.072395678943
JHI-Hv50k-2016-377995,L.5,209.284557832988
JHI-Hv50k-2016-377929,L.5,211.050127027989
JHI-Hv50k-2016-377926,L.5,211.050127027989
JHI-Hv50k-2016-377672,L.5,214.314081529908
JHI-Hv50k-2016-377329,L.5,214.314081529908
JHI-Hv50k-2016-377180,L.5,214.314081529908
JHI-Hv50k-2016-377584,L.5,214.314081529908
JHI-Hv50k-2016-377667,L.5,214.314081529908
JHI-Hv50k-2016-376061,L.5,216.912928454354
JHI-Hv50k-2016-376312,L.5,216.912928454354
JHI-Hv50k-2016-376166,L.5,216.912928454354
JHI-Hv50k-2016-374485,L.5,219.690244596964
JHI-Hv50k-2016-374701,L.5,219.690244596964
JHI-Hv50k-2016-374203,L.5,220.394516521132
JHI-Hv50k-2016-374480,L.5,221.82347686713
JHI-Hv50k-2016-375198,L.5,223.252437213129
JHI-Hv50k-2016-374056,L.5,226.197013104539
JHI-Hv50k-2016-374006,L.5,226.197013104539
JHI-Hv50k-2016-373965,L.5,226.901285028706
JHI-Hv50k-2016-373963,L.5,226.901285028706
JHI-Hv50k-2016-373846,L.5,227.605556952874
JHI-Hv50k-2016-373820,L.5,227.605556952874
JHI-Hv50k-2016-373816,L.5,227.605556952874
JHI-Hv50k-2016-373811,L.5,227.605556952874
JHI-Hv50k-2016-373599,L.5,228.309828877041
JHI-Hv50k-2016-373554,L.5,228.309828877041
JHI-Hv50k-2016-373560,L.5,229.014100801208
JHI-Hv50k-2016-373482,L.5,230.443061147207
JHI-Hv50k-2016-373481,L.5,230.443061147207
JHI-Hv50k-2016-373484,L.5,230.443061147207
JHI-Hv50k-2016-373534,L.5,231.147333071374
JHI-Hv50k-2016-373104,L.5,234.885626420649
JHI-Hv50k-2016-373042,L.5,234.885626420649
JHI-Hv50k-2016-372848,L.5,236.869025014639
JHI-Hv50k-2016-372009,L.5,239.286522242582
JHI-Hv50k-2016-371619,L.5,240.246298973619
JHI-Hv50k-2016-371606,L.5,240.246298973619
JHI-Hv50k-2016-371605,L.5,240.246298973619
JHI-Hv50k-2016-371659,L.5,241.202796367181
JHI-Hv50k-2016-371331,L.5,242.801744605956
JHI-Hv50k-2016-371327,L.5,242.801744605956
JHI-Hv50k-2016-371329,L.5,243.506238366203
JHI-Hv50k-2016-371328,L.5,243.506238366203
JHI-Hv50k-2016-370551,L.5,245.65351076784
JHI-Hv50k-2016-368032,L.5,246.395869488657
JHI-Hv50k-2016-369263,L.5,247.824829834656
JHI-Hv50k-2016-369259,L.5,247.824829834656
JHI-Hv50k-2016-369247,L.5,247.824829834656
JHI-Hv50k-2016-369006,L.5,247.824829834656
JHI-Hv50k-2016-368959,L.5,247.824829834656
JHI-Hv50k-2016-368931,L.5,247.824829834656
JHI-Hv50k-2016-368836,L.5,247.824829834656
JHI-Hv50k-2016-370046,L.5,248.529101758823
JHI-Hv50k-2016-369729,L.5,249.23337368299
JHI-Hv50k-2016-369194,L.5,249.971023372
M_E_98,L.5,249.971023372
M_E_145,L.5,252.923393959346
JHI-Hv50k-2016-23694,L.6,0
JHI-Hv50k-2016-310194,L.7,0
JHI-Hv50k-2016-309053,L.7,5.50483229848898
JHI-Hv50k-2016-309051,L.7,5.50483229848898
JHI-Hv50k-2016-309383,L.7,5.50483229848898
JHI-Hv50k-2016-309064,L.7,5.50483229848898
JHI-Hv50k-2016-309038,L.7,5.50483229848898
JHI-Hv50k-2016-309381,L.7,5.50483229848898
JHI-Hv50k-2016-309515,L.7,5.50483229848898
JHI-Hv50k-2016-309385,L.7,7.55713063293836
JHI-Hv50k-2016-309221,L.7,8.59712881363342
JHI-Hv50k-2016-308543,L.7,17.6471535383962
JHI-Hv50k-2016-308206,L.7,19.6292746301055
JHI-Hv50k-2016-308358,L.7,19.6292746301055
M_E_62,L.7,30.4863261663991
M_E_61,L.7,35.5960811430933
JHI-Hv50k-2016-305840,L.7,38.1634536793217
JHI-Hv50k-2016-305951,L.7,38.1634536793217
JHI-Hv50k-2016-306822,L.7,38.1634536793217
JHI-Hv50k-2016-307003,L.7,38.1634536793217
JHI-Hv50k-2016-307026,L.7,38.1634536793217
JHI-Hv50k-2016-307187,L.7,38.1634536793217
JHI-Hv50k-2016-307188,L.7,38.1634536793217
JHI-Hv50k-2016-307189,L.7,38.1634536793217
JHI-Hv50k-2016-307191,L.7,38.1634536793217
JHI-Hv50k-2016-307195,L.7,38.1634536793217
JHI-Hv50k-2016-307196,L.7,38.1634536793217
JHI-Hv50k-2016-304107,L.7,40.6116377490829
JHI-Hv50k-2016-304137,L.7,40.6116377490829
JHI-Hv50k-2016-301337,L.7,40.6116377490829
JHI-Hv50k-2016-302314,L.7,40.6116377490829
JHI-Hv50k-2016-300817,L.7,42.0405980950816
JHI-Hv50k-2016-300210,L.7,42.744870019249
JHI-Hv50k-2016-300677,L.7,44.1738303652478
JHI-Hv50k-2016-300777,L.7,44.1738303652478
JHI-Hv50k-2016-300984,L.7,44.1738303652478
JHI-Hv50k-2016-300995,L.7,44.1738303652478
JHI-Hv50k-2016-301070,L.7,44.1738303652478
JHI-Hv50k-2016-294724,L.7,47.1184062566574
JHI-Hv50k-2016-291885,L.7,48.5473666026561
JHI-Hv50k-2016-292222,L.7,48.5473666026561
JHI-Hv50k-2016-292492,L.7,48.5473666026561
JHI-Hv50k-2016-292829,L.7,48.5473666026561
JHI-Hv50k-2016-292911,L.7,48.5473666026561
JHI-Hv50k-2016-293154,L.7,48.5473666026561
JHI-Hv50k-2016-293185,L.7,48.5473666026561
JHI-Hv50k-2016-293437,L.7,48.5473666026561
JHI-Hv50k-2016-293618,L.7,48.5473666026561
JHI-Hv50k-2016-293695,L.7,48.5473666026561
JHI-Hv50k-2016-293903,L.7,48.5473666026561
JHI-Hv50k-2016-294104,L.7,48.5473666026561
JHI-Hv50k-2016-294207,L.7,48.5473666026561
JHI-Hv50k-2016-294253,L.7,48.5473666026561
JHI-Hv50k-2016-294279,L.7,48.5473666026561
JHI-Hv50k-2016-294381,L.7,48.5473666026561
JHI-Hv50k-2016-29422,L.7,49.9763269486548
JHI-Hv50k-2016-295020,L.7,49.9763269486548
JHI-Hv50k-2016-294568,L.7,50.6805988728222
JHI-Hv50k-2016-294865,L.7,50.6805988728222
JHI-Hv50k-2016-294872,L.7,50.6805988728222
JHI-Hv50k-2016-294971,L.7,50.6805988728222
JHI-Hv50k-2016-295010,L.7,50.6805988728222
JHI-Hv50k-2016-295021,L.7,50.6805988728222
JHI-Hv50k-2016-295343,L.7,50.6805988728222
JHI-Hv50k-2016-295681,L.7,50.6805988728222
JHI-Hv50k-2016-295731,L.7,50.6805988728222
JHI-Hv50k-2016-295985,L.7,50.6805988728222
JHI-Hv50k-2016-296393,L.7,50.6805988728222
JHI-Hv50k-2016-296475,L.7,50.6805988728222
JHI-Hv50k-2016-297337,L.7,50.6805988728222
JHI-Hv50k-2016-297426,L.7,50.6805988728222
JHI-Hv50k-2016-297598,L.7,50.6805988728222
JHI-Hv50k-2016-297674,L.7,50.6805988728222
JHI-Hv50k-2016-297963,L.7,50.6805988728222
JHI-Hv50k-2016-298127,L.7,50.6805988728222
JHI-Hv50k-2016-298226,L.7,50.6805988728222
JHI-Hv50k-2016-298254,L.7,50.6805988728222
JHI-Hv50k-2016-426426,L.7,50.6805988728222
JHI-Hv50k-2016-296453,L.7,51.3848707969896
JHI-Hv50k-2016-295543,L.7,51.3848707969896
JHI-Hv50k-2016-295854,L.7,51.3848707969896
JHI-Hv50k-2016-297380,L.7,51.3848707969896
JHI-Hv50k-2016-297745,L.7,51.3848707969896
JHI-Hv50k-2016-298660,L.7,52.7612943064869
JHI-Hv50k-2016-298662,L.7,52.7612943064869
JHI-Hv50k-2016-51452,L.8,0
JHI-Hv50k-2016-45000,L.8,9.11607783969773
JHI-Hv50k-2016-44962,L.8,9.82034976386514
JHI-Hv50k-2016-43075,L.8,14.6424652972694
JHI-Hv50k-2016-43206,L.8,16.564182231646
M_E_12,L.8,18.0117110810151
JHI-Hv50k-2016-42947,L.8,20.2520427566184
JHI-Hv50k-2016-42730,L.8,20.2520427566184
M_E_11,L.8,20.2520427566184
JHI-Hv50k-2016-42633,L.8,21.541912521023
JHI-Hv50k-2016-42564,L.8,21.541912521023
JHI-Hv50k-2016-42425,L.8,22.7870600464179
JHI-Hv50k-2016-42419,L.8,22.7870600464179
JHI-Hv50k-2016-41684,L.8,24.5564777485183
JHI-Hv50k-2016-41455,L.8,24.5564777485183
JHI-Hv50k-2016-40920,L.8,24.5564777485183
JHI-Hv50k-2016-40820,L.8,24.5564777485183
JHI-Hv50k-2016-42086,L.8,24.5564777485183
JHI-Hv50k-2016-41402,L.8,27.5750727795029
JHI-Hv50k-2016-40035,L.8,30.0494346685306
JHI-Hv50k-2016-39949,L.8,30.0494346685306
JHI-Hv50k-2016-39689,L.8,30.0494346685306
JHI-Hv50k-2016-39669,L.8,30.0494346685306
JHI-Hv50k-2016-39666,L.8,30.0494346685306
JHI-Hv50k-2016-39438,L.8,30.0494346685306
JHI-Hv50k-2016-39410,L.8,30.0494346685306
JHI-Hv50k-2016-39082,L.8,30.0494346685306
JHI-Hv50k-2016-38935,L.8,30.0494346685306
JHI-Hv50k-2016-38928,L.8,30.0494346685306
JHI-Hv50k-2016-38905,L.8,30.0494346685306
JHI-Hv50k-2016-38903,L.8,30.0494346685306
JHI-Hv50k-2016-38897,L.8,30.0494346685306
JHI-Hv50k-2016-38514,L.8,30.0494346685306
JHI-Hv50k-2016-38350,L.8,30.0494346685306
JHI-Hv50k-2016-38307,L.8,30.0494346685306
JHI-Hv50k-2016-38306,L.8,30.0494346685306
JHI-Hv50k-2016-38230,L.8,30.0494346685306
JHI-Hv50k-2016-38196,L.8,30.0494346685306
JHI-Hv50k-2016-38167,L.8,30.0494346685306
JHI-Hv50k-2016-38165,L.8,30.0494346685306
JHI-Hv50k-2016-38105,L.8,30.0494346685306
JHI-Hv50k-2016-38080,L.8,30.0494346685306
M_E_8,L.8,33.8549032882173
M_E_7,L.8,33.8549032882173
M_E_10,L.8,35.5471623150361
M_E_9,L.8,36.6571942096165
JHI-Hv50k-2016-47604,L.9,0
JHI-Hv50k-2016-47319,L.9,5.4055777117409
JHI-Hv50k-2016-47291,L.9,5.4055777117409
