snp,genetic_map_chr,cM
JHI-Hv50k-2016-6092,1H,7.42
M_E_2,1H,7.42
JHI-Hv50k-2016-8710,1H,11.72
JHI-Hv50k-2016-15051,1H,30.66
JHI-Hv50k-2016-15068,1H,30.66
JHI-Hv50k-2016-16499,1H,36.91
JHI-Hv50k-2016-16514,1H,36.91
JHI-Hv50k-2016-16516,1H,36.91
JHI-Hv50k-2016-16517,1H,36.91
JHI-Hv50k-2016-16542,1H,36.91
JHI-Hv50k-2016-18338,1H,41.41
JHI-Hv50k-2016-18373,1H,41.41
JHI-Hv50k-2016-18382,1H,41.41
JHI-Hv50k-2016-18385,1H,41.41
JHI-Hv50k-2016-18386,1H,41.41
JHI-Hv50k-2016-23594,1H,45.51
JHI-Hv50k-2016-23694,1H,45.9
JHI-Hv50k-2016-37481,1H,56.64
M_E_6,1H,56.64
JHI-Hv50k-2016-38514,1H,66.8
M_E_7,1H,66.8
M_E_8,1H,67.19
JHI-Hv50k-2016-40035,1H,69.14
M_E_9,1H,69.14
JHI-Hv50k-2016-42564,1H,74.22
JHI-Hv50k-2016-42730,1H,74.61
JHI-Hv50k-2016-47604,1H,82.81
JHI-Hv50k-2016-48499,1H,85.55
JHI-Hv50k-2016-50954,1H,98.83
JHI-Hv50k-2016-51019,1H,98.83
JHI-Hv50k-2016-51452,1H,99.61
JHI-Hv50k-2016-51979,1H,99.61
JHI-Hv50k-2016-52253,1H,100
JHI-Hv50k-2016-52321,1H,100
JHI-Hv50k-2016-55854,1H,112.11
JHI-Hv50k-2016-56239,1H,112.5
JHI-Hv50k-2016-56440,1H,112.5
JHI-Hv50k-2016-63893,2H,7.03
JHI-Hv50k-2016-64086,2H,7.03
JHI-Hv50k-2016-64149,2H,7.03
M_E_14,2H,7.42
JHI-Hv50k-2016-65426,2H,7.81
JHI-Hv50k-2016-67550,2H,10.74
JHI-Hv50k-2016-67559,2H,10.74
JHI-Hv50k-2016-67587,2H,10.74
JHI-Hv50k-2016-67600,2H,10.74
JHI-Hv50k-2016-67767,2H,10.74
JHI-Hv50k-2016-71369,2H,20.9
JHI-Hv50k-2016-72315,2H,23.05
JHI-Hv50k-2016-72497,2H,23.83
JHI-Hv50k-2016-72504,2H,23.83
JHI-Hv50k-2016-72545,2H,23.83
JHI-Hv50k-2016-72947,2H,23.83
M_E_17,2H,32.81
JHI-Hv50k-2016-77334,2H,42.97
JHI-Hv50k-2016-77388,2H,42.97
JHI-Hv50k-2016-77491,2H,44.14
JHI-Hv50k-2016-77522,2H,44.14
JHI-Hv50k-2016-77560,2H,44.14
M_E_18,2H,44.14
JHI-Hv50k-2016-77605,2H,44.53
JHI-Hv50k-2016-78532,2H,44.92
M_E_19,2H,44.92
M_E_20,2H,44.92
JHI-Hv50k-2016-79374,2H,46.88
JHI-Hv50k-2016-79404,2H,46.88
M_E_22,2H,46.88
JHI-Hv50k-2016-90688,2H,59.38
JHI-Hv50k-2016-90896,2H,59.38
JHI-Hv50k-2016-91167,2H,59.38
JHI-Hv50k-2016-91245,2H,59.38
JHI-Hv50k-2016-91257,2H,59.38
JHI-Hv50k-2016-91754,2H,59.38
JHI-Hv50k-2016-91961,2H,59.77
JHI-Hv50k-2016-92202,2H,59.77
JHI-Hv50k-2016-92462,2H,59.77
JHI-Hv50k-2016-93366,2H,59.77
JHI-Hv50k-2016-99004,2H,60.94
JHI-Hv50k-2016-99229,2H,60.94
JHI-Hv50k-2016-100214,2H,63.67
M_E_23,2H,63.67
JHI-Hv50k-2016-103868,2H,66.41
JHI-Hv50k-2016-103929,2H,66.41
JHI-Hv50k-2016-104058,2H,67.19
JHI-Hv50k-2016-104059,2H,67.19
JHI-Hv50k-2016-104508,2H,67.58
JHI-Hv50k-2016-104565,2H,67.58
JHI-Hv50k-2016-104651,2H,67.58
JHI-Hv50k-2016-106572,2H,73.05
JHI-Hv50k-2016-106848,2H,74.22
JHI-Hv50k-2016-108204,2H,75.39
JHI-Hv50k-2016-108250,2H,75.39
JHI-Hv50k-2016-110449,2H,82.42
JHI-Hv50k-2016-110485,2H,82.42
M_E_28,2H,85.55
JHI-Hv50k-2016-114249,2H,92.58
JHI-Hv50k-2016-114255,2H,92.58
JHI-Hv50k-2016-114264,2H,92.58
M_E_29,2H,92.58
JHI-Hv50k-2016-114491,2H,93.36
JHI-Hv50k-2016-114548,2H,93.36
JHI-Hv50k-2016-114549,2H,93.36
JHI-Hv50k-2016-114619,2H,93.36
JHI-Hv50k-2016-114706,2H,93.36
JHI-Hv50k-2016-114849,2H,93.36
JHI-Hv50k-2016-114865,2H,93.36
JHI-Hv50k-2016-114948,2H,93.36
JHI-Hv50k-2016-114951,2H,93.36
JHI-Hv50k-2016-115107,2H,93.36
JHI-Hv50k-2016-115110,2H,93.36
JHI-Hv50k-2016-115147,2H,93.36
M_E_30,2H,93.36
M_E_31,2H,93.36
JHI-Hv50k-2016-115240,2H,93.75
JHI-Hv50k-2016-115312,2H,94.14
JHI-Hv50k-2016-115389,2H,94.14
JHI-Hv50k-2016-115563,2H,96.48
JHI-Hv50k-2016-115564,2H,96.48
JHI-Hv50k-2016-115671,2H,96.48
JHI-Hv50k-2016-115953,2H,96.88
JHI-Hv50k-2016-115933,2H,98.05
JHI-Hv50k-2016-115889,2H,99.02
JHI-Hv50k-2016-116466,2H,100.59
JHI-Hv50k-2016-116577,2H,100.98
JHI-Hv50k-2016-116579,2H,100.98
JHI-Hv50k-2016-116581,2H,100.98
JHI-Hv50k-2016-116742,2H,100.98
JHI-Hv50k-2016-116907,2H,100.98
JHI-Hv50k-2016-116922,2H,100.98
JHI-Hv50k-2016-117081,2H,100.98
JHI-Hv50k-2016-117333,2H,100.98
JHI-Hv50k-2016-117361,2H,100.98
JHI-Hv50k-2016-118494,2H,103.52
JHI-Hv50k-2016-119334,2H,104.69
JHI-Hv50k-2016-124927,2H,115.04
JHI-Hv50k-2016-124930,2H,115.04
JHI-Hv50k-2016-124974,2H,115.04
M_E_32,2H,115.04
JHI-Hv50k-2016-130764,2H,122.27
M_E_33,2H,123.05
JHI-Hv50k-2016-138947,2H,134.38
JHI-Hv50k-2016-138980,2H,134.38
JHI-Hv50k-2016-139283,2H,136.33
JHI-Hv50k-2016-139333,2H,136.33
JHI-Hv50k-2016-152840,3H,3.13
JHI-Hv50k-2016-153527,3H,5.47
M_E_37,3H,8.2
JHI-Hv50k-2016-154862,3H,11.33
JHI-Hv50k-2016-155569,3H,12.11
JHI-Hv50k-2016-155805,3H,13.28
JHI-Hv50k-2016-157160,3H,15.23
JHI-Hv50k-2016-159556,3H,22.27
JHI-Hv50k-2016-160331,3H,25.39
JHI-Hv50k-2016-160352,3H,25.39
JHI-Hv50k-2016-161080,3H,28.91
JHI-Hv50k-2016-161081,3H,28.91
JHI-Hv50k-2016-161093,3H,28.91
JHI-Hv50k-2016-163974,3H,41.41
M_E_39,3H,41.41
M_E_40,3H,41.8
JHI-Hv50k-2016-166368,3H,46.68
JHI-Hv50k-2016-182700,3H,47.46
JHI-Hv50k-2016-182720,3H,47.46
JHI-Hv50k-2016-182940,3H,47.46
JHI-Hv50k-2016-184728,3H,49.02
JHI-Hv50k-2016-185123,3H,49.02
JHI-Hv50k-2016-185997,3H,49.02
M_E_45,3H,49.61
JHI-Hv50k-2016-187824,3H,51.56
JHI-Hv50k-2016-188175,3H,51.95
JHI-Hv50k-2016-188839,3H,51.95
M_E_47,3H,51.95
JHI-Hv50k-2016-191253,3H,52.34
JHI-Hv50k-2016-192532,3H,53.91
JHI-Hv50k-2016-192534,3H,53.91
JHI-Hv50k-2016-196158,3H,60.55
JHI-Hv50k-2016-196379,3H,60.94
M_E_49,3H,61.72
JHI-Hv50k-2016-196798,3H,62.11
M_E_50,3H,62.11
JHI-Hv50k-2016-200713,3H,71.09
JHI-Hv50k-2016-201896,3H,75.78
M_E_52,3H,81.64
JHI-Hv50k-2016-204392,3H,83.98
JHI-Hv50k-2016-204423,3H,83.98
JHI-Hv50k-2016-204534,3H,85.16
JHI-Hv50k-2016-205257,3H,86.33
JHI-Hv50k-2016-207495,3H,94.92
JHI-Hv50k-2016-208432,3H,100
JHI-Hv50k-2016-209275,3H,100
JHI-Hv50k-2016-210967,3H,102.73
JHI-Hv50k-2016-211251,3H,103.13
JHI-Hv50k-2016-211296,3H,103.52
M_E_53,3H,115.23
JHI-Hv50k-2016-223558,3H,124.22
JHI-Hv50k-2016-225326,3H,126.95
JHI-Hv50k-2016-225192,3H,127.34
JHI-Hv50k-2016-225731,4H,0.39
JHI-Hv50k-2016-226115,4H,0.39
JHI-Hv50k-2016-228570,4H,12.89
JHI-Hv50k-2016-231550,4H,34.77
JHI-Hv50k-2016-231558,4H,34.77
JHI-Hv50k-2016-231560,4H,34.77
JHI-Hv50k-2016-231843,4H,35.55
JHI-Hv50k-2016-231960,4H,36.33
JHI-Hv50k-2016-231991,4H,36.33
JHI-Hv50k-2016-231992,4H,36.33
M_E_57,4H,37.89
JHI-Hv50k-2016-232227,4H,39.45
JHI-Hv50k-2016-263067,4H,85.35
JHI-Hv50k-2016-263068,4H,85.35
JHI-Hv50k-2016-263069,4H,85.35
JHI-Hv50k-2016-265464,4H,92.97
JHI-Hv50k-2016-272306,4H,115.63
JHI-Hv50k-2016-272315,4H,115.63
JHI-Hv50k-2016-272337,4H,115.63
JHI-Hv50k-2016-273088,4H,116.8
JHI-Hv50k-2016-273355,4H,117.19
JHI-Hv50k-2016-273394,4H,117.19
JHI-Hv50k-2016-273669,4H,120.7
JHI-Hv50k-2016-273825,4H,120.7
JHI-Hv50k-2016-273846,4H,120.7
JHI-Hv50k-2016-273848,4H,120.7
JHI-Hv50k-2016-273849,4H,120.7
JHI-Hv50k-2016-273925,4H,120.7
JHI-Hv50k-2016-274480,4H,120.7
JHI-Hv50k-2016-275077,4H,120.7
JHI-Hv50k-2016-275198,4H,120.7
JHI-Hv50k-2016-278646,5H,12.5
JHI-Hv50k-2016-278969,5H,13.67
JHI-Hv50k-2016-279165,5H,13.67
JHI-Hv50k-2016-279216,5H,14.06
JHI-Hv50k-2016-279552,5H,18.75
JHI-Hv50k-2016-305840,5H,53.52
M_E_62,5H,55.47
JHI-Hv50k-2016-308206,5H,56.25
JHI-Hv50k-2016-308358,5H,56.64
JHI-Hv50k-2016-309051,5H,59.38
JHI-Hv50k-2016-309053,5H,59.38
JHI-Hv50k-2016-309064,5H,59.38
JHI-Hv50k-2016-309515,5H,59.38
JHI-Hv50k-2016-315311,5H,76.56
M_E_64,5H,84.38
M_E_67,5H,88.28
M_E_66,5H,88.28
JHI-Hv50k-2016-319917,5H,91.02
M_E_70,5H,91.8
JHI-Hv50k-2016-321134,5H,93.75
M_E_71,5H,93.75
M_E_72,5H,94.92
JHI-Hv50k-2016-322677,5H,96.48
JHI-Hv50k-2016-331300,5H,115.43
M_E_74,5H,116.21
M_E_75,5H,116.6
JHI-Hv50k-2016-332891,5H,116.99
JHI-Hv50k-2016-332986,5H,116.99
JHI-Hv50k-2016-332956,5H,117.77
JHI-Hv50k-2016-333626,5H,120.12
M_E_76,5H,120.51
JHI-Hv50k-2016-337616,5H,127.73
M_E_82,5H,127.73
JHI-Hv50k-2016-337832,5H,128.71
JHI-Hv50k-2016-337849,5H,128.71
JHI-Hv50k-2016-337992,5H,128.71
JHI-Hv50k-2016-338080,5H,128.71
JHI-Hv50k-2016-338081,5H,128.71
M_E_83,5H,128.71
JHI-Hv50k-2016-338495,5H,129.1
JHI-Hv50k-2016-338621,5H,129.1
JHI-Hv50k-2016-338704,5H,129.1
M_E_84,5H,130.66
JHI-Hv50k-2016-340433,5H,131.84
JHI-Hv50k-2016-340437,5H,131.84
M_E_85,5H,132.62
JHI-Hv50k-2016-341934,5H,133.01
JHI-Hv50k-2016-341946,5H,133.01
JHI-Hv50k-2016-342445,5H,133.98
JHI-Hv50k-2016-342820,5H,134.18
M_E_87,5H,138.87
JHI-Hv50k-2016-346493,5H,141.6
JHI-Hv50k-2016-349878,5H,154.3
JHI-Hv50k-2016-349887,5H,154.3
JHI-Hv50k-2016-353080,5H,158.2
M_E_90,5H,158.2
M_E_94,5H,170.7
JHI-Hv50k-2016-362392,5H,172.66
JHI-Hv50k-2016-362630,5H,173.44
JHI-Hv50k-2016-362645,5H,173.44
JHI-Hv50k-2016-362796,5H,174.22
M_E_95,5H,174.22
JHI-Hv50k-2016-365997,5H,176.95
JHI-Hv50k-2016-367779,5H,177.34
M_E_97,5H,179.3
M_E_98,6H,0
JHI-Hv50k-2016-370551,6H,1.17
JHI-Hv50k-2016-371327,6H,6.64
JHI-Hv50k-2016-371328,6H,6.64
JHI-Hv50k-2016-371331,6H,6.64
JHI-Hv50k-2016-371659,6H,7.81
JHI-Hv50k-2016-373042,6H,13.28
JHI-Hv50k-2016-373104,6H,13.28
JHI-Hv50k-2016-373481,6H,14.45
JHI-Hv50k-2016-373482,6H,14.45
JHI-Hv50k-2016-373484,6H,14.45
JHI-Hv50k-2016-373560,6H,14.84
JHI-Hv50k-2016-373599,6H,14.84
JHI-Hv50k-2016-373811,6H,16.8
JHI-Hv50k-2016-373963,6H,17.19
JHI-Hv50k-2016-374006,6H,17.58
JHI-Hv50k-2016-374056,6H,18.36
JHI-Hv50k-2016-374480,6H,19.14
JHI-Hv50k-2016-374485,6H,19.14
JHI-Hv50k-2016-376166,6H,21.88
JHI-Hv50k-2016-376312,6H,21.88
JHI-Hv50k-2016-377180,6H,22.66
JHI-Hv50k-2016-377329,6H,23.44
JHI-Hv50k-2016-377929,6H,26.17
JHI-Hv50k-2016-378036,6H,32.81
JHI-Hv50k-2016-378173,6H,34.38
JHI-Hv50k-2016-378180,6H,34.38
JHI-Hv50k-2016-378825,6H,35.94
JHI-Hv50k-2016-378829,6H,35.94
JHI-Hv50k-2016-378854,6H,35.94
JHI-Hv50k-2016-378864,6H,35.94
JHI-Hv50k-2016-378880,6H,35.94
JHI-Hv50k-2016-378987,6H,35.94
M_E_100,6H,37.5
JHI-Hv50k-2016-380476,6H,42.97
JHI-Hv50k-2016-381710,6H,48.05
JHI-Hv50k-2016-381950,6H,48.05
JHI-Hv50k-2016-381961,6H,48.05
M_E_101,6H,48.05
JHI-Hv50k-2016-382877,6H,48.44
JHI-Hv50k-2016-383344,6H,48.44
JHI-Hv50k-2016-388395,6H,52.73
JHI-Hv50k-2016-388653,6H,52.73
JHI-Hv50k-2016-401495,6H,54.3
JHI-Hv50k-2016-401965,6H,54.3
JHI-Hv50k-2016-402178,6H,54.3
M_E_108,6H,56.64
JHI-Hv50k-2016-415468,6H,63.28
JHI-Hv50k-2016-415470,6H,63.28
JHI-Hv50k-2016-415625,6H,63.28
JHI-Hv50k-2016-416162,6H,63.67
JHI-Hv50k-2016-416163,6H,63.67
JHI-Hv50k-2016-419063,6H,79.3
JHI-Hv50k-2016-420337,6H,80.86
JHI-Hv50k-2016-421119,6H,82.03
M_E_115,6H,87.11
JHI-Hv50k-2016-423827,6H,88.28
JHI-Hv50k-2016-423834,6H,88.28
JHI-Hv50k-2016-423895,6H,88.28
JHI-Hv50k-2016-423785,6H,89.06
JHI-Hv50k-2016-424446,6H,92.19
JHI-Hv50k-2016-425100,6H,93.36
JHI-Hv50k-2016-425180,6H,93.36
JHI-Hv50k-2016-428664,6H,106.25
JHI-Hv50k-2016-434535,6H,116.02
JHI-Hv50k-2016-434620,6H,116.02
M_E_116,7H,0
JHI-Hv50k-2016-437197,7H,0.39
JHI-Hv50k-2016-439545,7H,0.78
JHI-Hv50k-2016-439748,7H,1.56
JHI-Hv50k-2016-439749,7H,1.56
JHI-Hv50k-2016-440728,7H,1.56
JHI-Hv50k-2016-451988,7H,12.11
M_E_118,7H,14.06
JHI-Hv50k-2016-453012,7H,20.31
JHI-Hv50k-2016-453315,7H,21.88
JHI-Hv50k-2016-453316,7H,21.88
JHI-Hv50k-2016-453317,7H,21.88
JHI-Hv50k-2016-453326,7H,21.88
JHI-Hv50k-2016-453327,7H,21.88
JHI-Hv50k-2016-453335,7H,21.88
JHI-Hv50k-2016-453342,7H,21.88
JHI-Hv50k-2016-453425,7H,22.27
JHI-Hv50k-2016-456555,7H,29.3
JHI-Hv50k-2016-457722,7H,32.03
JHI-Hv50k-2016-458086,7H,32.03
JHI-Hv50k-2016-461019,7H,41.41
M_E_120,7H,41.41
M_E_121,7H,42.58
JHI-Hv50k-2016-462290,7H,43.75
JHI-Hv50k-2016-463320,7H,44.14
JHI-Hv50k-2016-463595,7H,45.31
JHI-Hv50k-2016-463638,7H,45.31
M_E_122,7H,45.7
JHI-Hv50k-2016-465418,7H,48.44
JHI-Hv50k-2016-466668,7H,48.44
M_E_125,7H,48.83
JHI-Hv50k-2016-468551,7H,52.34
JHI-Hv50k-2016-468564,7H,52.34
JHI-Hv50k-2016-469069,7H,52.34
JHI-Hv50k-2016-470283,7H,53.91
JHI-Hv50k-2016-470398,7H,53.91
JHI-Hv50k-2016-470691,7H,54.3
JHI-Hv50k-2016-474953,7H,57.03
JHI-Hv50k-2016-474991,7H,57.03
JHI-Hv50k-2016-475035,7H,57.03
JHI-Hv50k-2016-477827,7H,57.42
JHI-Hv50k-2016-478027,7H,57.42
JHI-Hv50k-2016-478140,7H,57.42
JHI-Hv50k-2016-478155,7H,57.42
JHI-Hv50k-2016-478267,7H,57.42
JHI-Hv50k-2016-478345,7H,57.42
JHI-Hv50k-2016-478689,7H,57.42
JHI-Hv50k-2016-478738,7H,57.42
JHI-Hv50k-2016-478809,7H,57.42
JHI-Hv50k-2016-479018,7H,57.42
JHI-Hv50k-2016-479209,7H,57.42
JHI-Hv50k-2016-479447,7H,57.42
JHI-Hv50k-2016-479451,7H,57.42
JHI-Hv50k-2016-479753,7H,57.42
JHI-Hv50k-2016-479763,7H,57.42
JHI-Hv50k-2016-479764,7H,57.42
JHI-Hv50k-2016-480145,7H,57.42
JHI-Hv50k-2016-480176,7H,57.42
JHI-Hv50k-2016-480771,7H,57.42
JHI-Hv50k-2016-480947,7H,57.42
JHI-Hv50k-2016-481258,7H,57.42
JHI-Hv50k-2016-481738,7H,57.42
JHI-Hv50k-2016-481749,7H,57.42
JHI-Hv50k-2016-481919,7H,57.42
JHI-Hv50k-2016-481987,7H,57.42
JHI-Hv50k-2016-482497,7H,57.42
JHI-Hv50k-2016-482729,7H,57.42
JHI-Hv50k-2016-483031,7H,57.42
JHI-Hv50k-2016-483191,7H,57.42
JHI-Hv50k-2016-483272,7H,57.42
JHI-Hv50k-2016-483434,7H,57.42
JHI-Hv50k-2016-487408,7H,58.2
JHI-Hv50k-2016-487430,7H,58.2
JHI-Hv50k-2016-488697,7H,58.2
JHI-Hv50k-2016-488809,7H,58.2
JHI-Hv50k-2016-488873,7H,58.2
JHI-Hv50k-2016-488887,7H,58.2
JHI-Hv50k-2016-489616,7H,58.2
JHI-Hv50k-2016-489798,7H,58.2
JHI-Hv50k-2016-489799,7H,58.2
M_E_127,7H,58.98
JHI-Hv50k-2016-495431,7H,67.58
JHI-Hv50k-2016-495463,7H,67.58
JHI-Hv50k-2016-495494,7H,67.58
JHI-Hv50k-2016-495566,7H,67.58
JHI-Hv50k-2016-495619,7H,67.58
JHI-Hv50k-2016-495677,7H,67.58
JHI-Hv50k-2016-497396,7H,69.34
M_E_129,7H,69.34
JHI-Hv50k-2016-497567,7H,70.51
JHI-Hv50k-2016-497612,7H,70.51
JHI-Hv50k-2016-497775,7H,70.51
JHI-Hv50k-2016-498292,7H,72.85
M_E_130,7H,75.2
JHI-Hv50k-2016-501144,7H,77.93
JHI-Hv50k-2016-506369,7H,85.55
JHI-Hv50k-2016-506682,7H,85.94
JHI-Hv50k-2016-509417,7H,93.75
JHI-Hv50k-2016-509438,7H,94.14
JHI-Hv50k-2016-509453,7H,94.14
JHI-Hv50k-2016-509454,7H,94.14
JHI-Hv50k-2016-509791,7H,94.53
JHI-Hv50k-2016-509794,7H,94.53
JHI-Hv50k-2016-509829,7H,94.53
JHI-Hv50k-2016-509869,7H,94.53
JHI-Hv50k-2016-511004,7H,96.09
JHI-Hv50k-2016-512623,7H,98.83
JHI-Hv50k-2016-512801,7H,99.22
JHI-Hv50k-2016-512845,7H,99.22
JHI-Hv50k-2016-513101,7H,99.22
