Name,Chr,Position
JHI-Hv50k-2016-4260,1H,3881482
JHI-Hv50k-2016-4712,1H,4228415
JHI-Hv50k-2016-4713,1H,4228430
JHI-Hv50k-2016-5180,1H,4399874
JHI-Hv50k-2016-6092,1H,5141410
JHI-Hv50k-2016-6373,1H,5234019
JHI-Hv50k-2016-6438,1H,5277391
JHI-Hv50k-2016-7423,1H,6348964
JHI-Hv50k-2016-7618,1H,6573692
JHI-Hv50k-2016-7619,1H,6573793
JHI-Hv50k-2016-8609,1H,8163219
JHI-Hv50k-2016-8710,1H,8337195
JHI-Hv50k-2016-10580,1H,11023918
JHI-Hv50k-2016-10642,1H,11164784
JHI-Hv50k-2016-11910,1H,12527946
JHI-Hv50k-2016-11911,1H,12528003
JHI-Hv50k-2016-11980,1H,12953278
JHI-Hv50k-2016-12853,1H,13603276
JHI-Hv50k-2016-13067,1H,14194017
JHI-Hv50k-2016-13582,1H,16061686
JHI-Hv50k-2016-14418,1H,17583101
JHI-Hv50k-2016-14760,1H,18461522
JHI-Hv50k-2016-15051,1H,18778066
JHI-Hv50k-2016-15068,1H,18779328
JHI-Hv50k-2016-15127,1H,18795528
JHI-Hv50k-2016-15129,1H,18796076
JHI-Hv50k-2016-15134,1H,18802688
JHI-Hv50k-2016-15183,1H,18846135
JHI-Hv50k-2016-15198,1H,18846972
JHI-Hv50k-2016-15222,1H,18905888
JHI-Hv50k-2016-15254,1H,18909620
JHI-Hv50k-2016-15322,1H,19463622
JHI-Hv50k-2016-15324,1H,19466847
JHI-Hv50k-2016-15327,1H,19468893
JHI-Hv50k-2016-15348,1H,19673383
JHI-Hv50k-2016-15410,1H,19953793
JHI-Hv50k-2016-15633,1H,20349530
JHI-Hv50k-2016-15963,1H,21796326
JHI-Hv50k-2016-16067,1H,22067727
JHI-Hv50k-2016-16495,1H,23940651
JHI-Hv50k-2016-16499,1H,23941245
JHI-Hv50k-2016-16505,1H,23942808
JHI-Hv50k-2016-16506,1H,23943241
JHI-Hv50k-2016-16514,1H,23944212
JHI-Hv50k-2016-16516,1H,23944465
JHI-Hv50k-2016-16517,1H,23944546
JHI-Hv50k-2016-16518,1H,23944568
JHI-Hv50k-2016-16526,1H,23947099
JHI-Hv50k-2016-16527,1H,23947107
JHI-Hv50k-2016-16542,1H,23948424
JHI-Hv50k-2016-16559,1H,24024792
JHI-Hv50k-2016-16601,1H,24039540
JHI-Hv50k-2016-16604,1H,24041841
JHI-Hv50k-2016-17893,1H,35726810
JHI-Hv50k-2016-18189,1H,37318958
JHI-Hv50k-2016-18338,1H,38537270
JHI-Hv50k-2016-18373,1H,38710671
JHI-Hv50k-2016-18382,1H,38769152
JHI-Hv50k-2016-18385,1H,38812600
JHI-Hv50k-2016-18386,1H,38812884
JHI-Hv50k-2016-20858,1H,170386012
JHI-Hv50k-2016-23594,1H,327496625
JHI-Hv50k-2016-23694,1H,328627716
JHI-Hv50k-2016-26496,1H,361650840
JHI-Hv50k-2016-29422,1H,408788664
JHI-Hv50k-2016-30997,1H,420577286
JHI-Hv50k-2016-37481,1H,479077672
JHI-Hv50k-2016-37484,1H,479078261
JHI-Hv50k-2016-38080,1H,495205088
JHI-Hv50k-2016-38105,1H,495889399
JHI-Hv50k-2016-38165,1H,496275190
JHI-Hv50k-2016-38167,1H,496275530
JHI-Hv50k-2016-38196,1H,496438579
JHI-Hv50k-2016-38230,1H,496445828
JHI-Hv50k-2016-38306,1H,496932726
JHI-Hv50k-2016-38307,1H,496932777
JHI-Hv50k-2016-38350,1H,497208876
JHI-Hv50k-2016-38514,1H,498204710
JHI-Hv50k-2016-38897,1H,501002652
JHI-Hv50k-2016-38903,1H,501010068
JHI-Hv50k-2016-38905,1H,501010158
JHI-Hv50k-2016-38928,1H,501112327
JHI-Hv50k-2016-38935,1H,501113016
JHI-Hv50k-2016-39082,1H,503268861
JHI-Hv50k-2016-39410,1H,503854616
JHI-Hv50k-2016-39438,1H,504071938
JHI-Hv50k-2016-39666,1H,504916893
JHI-Hv50k-2016-39669,1H,504917156
JHI-Hv50k-2016-39689,1H,504929682
JHI-Hv50k-2016-39949,1H,506756114
JHI-Hv50k-2016-40035,1H,507584008
JHI-Hv50k-2016-40820,1H,509308460
JHI-Hv50k-2016-40920,1H,509523768
JHI-Hv50k-2016-41402,1H,511066845
JHI-Hv50k-2016-41455,1H,511078607
JHI-Hv50k-2016-41684,1H,511568434
JHI-Hv50k-2016-42086,1H,513077386
JHI-Hv50k-2016-42419,1H,513631461
JHI-Hv50k-2016-42425,1H,513631794
JHI-Hv50k-2016-42564,1H,514147328
JHI-Hv50k-2016-42633,1H,514395012
JHI-Hv50k-2016-42730,1H,514693295
JHI-Hv50k-2016-42947,1H,515500580
JHI-Hv50k-2016-43075,1H,515901017
JHI-Hv50k-2016-43206,1H,516132372
JHI-Hv50k-2016-44962,1H,519754766
JHI-Hv50k-2016-45000,1H,519770075
JHI-Hv50k-2016-47291,1H,526214532
JHI-Hv50k-2016-47319,1H,526369678
JHI-Hv50k-2016-47338,1H,526485875
JHI-Hv50k-2016-47604,1H,527101699
JHI-Hv50k-2016-48279,1H,528532202
JHI-Hv50k-2016-48499,1H,529192838
JHI-Hv50k-2016-48500,1H,529192841
JHI-Hv50k-2016-48564,1H,529578537
JHI-Hv50k-2016-48693,1H,529733898
JHI-Hv50k-2016-48870,1H,530071144
JHI-Hv50k-2016-49647,1H,533825333
JHI-Hv50k-2016-49930,1H,534540156
JHI-Hv50k-2016-50111,1H,534801830
JHI-Hv50k-2016-50280,1H,536102519
JHI-Hv50k-2016-50304,1H,536108741
JHI-Hv50k-2016-50954,1H,537067636
JHI-Hv50k-2016-51019,1H,537116801
JHI-Hv50k-2016-51025,1H,537119089
JHI-Hv50k-2016-51027,1H,537119245
JHI-Hv50k-2016-51452,1H,538416630
JHI-Hv50k-2016-51945,1H,539092847
JHI-Hv50k-2016-51979,1H,539107036
JHI-Hv50k-2016-52253,1H,540571558
JHI-Hv50k-2016-52321,1H,540715837
JHI-Hv50k-2016-53255,1H,544040292
JHI-Hv50k-2016-53290,1H,544081204
JHI-Hv50k-2016-53916,1H,547223388
JHI-Hv50k-2016-53930,1H,547238351
JHI-Hv50k-2016-54979,1H,549860989
JHI-Hv50k-2016-55006,1H,550179166
JHI-Hv50k-2016-55106,1H,550276732
JHI-Hv50k-2016-55169,1H,550320014
JHI-Hv50k-2016-55187,1H,550385122
JHI-Hv50k-2016-55371,1H,550797775
JHI-Hv50k-2016-55395,1H,550804619
JHI-Hv50k-2016-55454,1H,551198989
JHI-Hv50k-2016-55455,1H,551199001
JHI-Hv50k-2016-55854,1H,552391099
JHI-Hv50k-2016-56112,1H,553850459
JHI-Hv50k-2016-56239,1H,553960187
JHI-Hv50k-2016-56366,1H,554112638
JHI-Hv50k-2016-56387,1H,554114322
JHI-Hv50k-2016-56440,1H,554265040
JHI-Hv50k-2016-56496,1H,554371645
JHI-Hv50k-2016-56556,1H,554453226
JHI-Hv50k-2016-56558,1H,554453297
JHI-Hv50k-2016-56727,1H,554613399
JHI-Hv50k-2016-56738,1H,554615436
JHI-Hv50k-2016-56745,1H,554640589
JHI-Hv50k-2016-56768,1H,554709498
JHI-Hv50k-2016-56771,1H,554709570
JHI-Hv50k-2016-57940,1H,557543376
JHI-Hv50k-2016-58046,1H,557839830
JHI-Hv50k-2016-58775,2H,712126
JHI-Hv50k-2016-58810,2H,785623
JHI-Hv50k-2016-58991,2H,840275
JHI-Hv50k-2016-59425,2H,1265556
JHI-Hv50k-2016-59917,2H,2147037
JHI-Hv50k-2016-61642,2H,4549372
JHI-Hv50k-2016-62472,2H,6755738
JHI-Hv50k-2016-62596,2H,7046402
JHI-Hv50k-2016-62805,2H,7353770
JHI-Hv50k-2016-63361,2H,8994156
JHI-Hv50k-2016-63868,2H,9612335
JHI-Hv50k-2016-63893,2H,9641490
JHI-Hv50k-2016-64055,2H,10031266
JHI-Hv50k-2016-64086,2H,10053727
JHI-Hv50k-2016-64130,2H,10362006
JHI-Hv50k-2016-64146,2H,10499572
JHI-Hv50k-2016-64149,2H,10502542
JHI-Hv50k-2016-64151,2H,10503277
JHI-Hv50k-2016-64712,2H,11396778
JHI-Hv50k-2016-65319,2H,12352887
JHI-Hv50k-2016-65426,2H,12775204
JHI-Hv50k-2016-65610,2H,13005109
JHI-Hv50k-2016-66022,2H,13242457
JHI-Hv50k-2016-66556,2H,13863264
JHI-Hv50k-2016-66623,2H,14054375
JHI-Hv50k-2016-67378,2H,14975225
JHI-Hv50k-2016-67550,2H,15418766
JHI-Hv50k-2016-67559,2H,15423941
JHI-Hv50k-2016-67587,2H,15455506
JHI-Hv50k-2016-67588,2H,15455848
JHI-Hv50k-2016-67600,2H,15507257
JHI-Hv50k-2016-67614,2H,15507981
JHI-Hv50k-2016-67661,2H,15512302
JHI-Hv50k-2016-67767,2H,16098998
JHI-Hv50k-2016-67810,2H,16134480
JHI-Hv50k-2016-67865,2H,16382891
JHI-Hv50k-2016-68449,2H,17258669
JHI-Hv50k-2016-68595,2H,17790711
JHI-Hv50k-2016-68718,2H,18295385
JHI-Hv50k-2016-68721,2H,18295626
JHI-Hv50k-2016-68729,2H,18296352
JHI-Hv50k-2016-68731,2H,18296482
JHI-Hv50k-2016-68732,2H,18296671
JHI-Hv50k-2016-68734,2H,18296744
JHI-Hv50k-2016-70553,2H,21397795
JHI-Hv50k-2016-71113,2H,22594905
JHI-Hv50k-2016-71369,2H,23118443
JHI-Hv50k-2016-71931,2H,24793183
JHI-Hv50k-2016-71932,2H,24793221
JHI-Hv50k-2016-72315,2H,26047486
JHI-Hv50k-2016-72497,2H,26301027
JHI-Hv50k-2016-72504,2H,26301308
JHI-Hv50k-2016-72530,2H,26302864
JHI-Hv50k-2016-72545,2H,26303593
JHI-Hv50k-2016-72622,2H,26589875
JHI-Hv50k-2016-72947,2H,27512682
JHI-Hv50k-2016-73075,2H,28453941
JHI-Hv50k-2016-73085,2H,28455236
JHI-Hv50k-2016-73118,2H,28612330
JHI-Hv50k-2016-73247,2H,28720194
JHI-Hv50k-2016-73300,2H,28769684
JHI-Hv50k-2016-73663,2H,29624393
JHI-Hv50k-2016-73690,2H,29669273
JHI-Hv50k-2016-73692,2H,29669449
JHI-Hv50k-2016-73693,2H,29669511
JHI-Hv50k-2016-73694,2H,29669609
JHI-Hv50k-2016-73695,2H,29669713
JHI-Hv50k-2016-73930,2H,30188409
JHI-Hv50k-2016-73933,2H,30188713
JHI-Hv50k-2016-73950,2H,30195312
JHI-Hv50k-2016-73951,2H,30195319
JHI-Hv50k-2016-74781,2H,33210227
JHI-Hv50k-2016-74875,2H,33900600
JHI-Hv50k-2016-75477,2H,37029751
JHI-Hv50k-2016-75478,2H,37030503
JHI-Hv50k-2016-75490,2H,37204390
JHI-Hv50k-2016-77334,2H,45847354
JHI-Hv50k-2016-77388,2H,46147954
JHI-Hv50k-2016-77491,2H,47287201
JHI-Hv50k-2016-77522,2H,47445865
JHI-Hv50k-2016-77560,2H,47632471
JHI-Hv50k-2016-77576,2H,47911357
JHI-Hv50k-2016-77586,2H,47922400
JHI-Hv50k-2016-77590,2H,47922958
JHI-Hv50k-2016-77597,2H,47923427
JHI-Hv50k-2016-77598,2H,47923510
JHI-Hv50k-2016-77599,2H,47923572
JHI-Hv50k-2016-77601,2H,47923699
JHI-Hv50k-2016-77603,2H,47923897
JHI-Hv50k-2016-77604,2H,47924033
JHI-Hv50k-2016-77605,2H,47924286
JHI-Hv50k-2016-77638,2H,48171823
JHI-Hv50k-2016-77721,2H,48825356
JHI-Hv50k-2016-77724,2H,48825676
JHI-Hv50k-2016-77945,2H,50345161
JHI-Hv50k-2016-78532,2H,52372976
JHI-Hv50k-2016-78625,2H,52892315
JHI-Hv50k-2016-78626,2H,52892370
JHI-Hv50k-2016-78631,2H,52892628
JHI-Hv50k-2016-78636,2H,52892919
JHI-Hv50k-2016-78688,2H,52916359
JHI-Hv50k-2016-78780,2H,53385672
JHI-Hv50k-2016-78831,2H,53704078
JHI-Hv50k-2016-79374,2H,57310701
JHI-Hv50k-2016-79404,2H,57647943
JHI-Hv50k-2016-79451,2H,58262021
JHI-Hv50k-2016-80094,2H,61663939
JHI-Hv50k-2016-80097,2H,61664455
JHI-Hv50k-2016-90688,2H,194262348
JHI-Hv50k-2016-90788,2H,196202069
JHI-Hv50k-2016-90896,2H,199075376
JHI-Hv50k-2016-91125,2H,211507009
JHI-Hv50k-2016-91157,2H,217011325
JHI-Hv50k-2016-91167,2H,217964580
JHI-Hv50k-2016-91245,2H,227772803
JHI-Hv50k-2016-91257,2H,230223454
JHI-Hv50k-2016-91754,2H,246228012
JHI-Hv50k-2016-91961,2H,260313080
JHI-Hv50k-2016-92202,2H,309655073
JHI-Hv50k-2016-92209,2H,310719868
JHI-Hv50k-2016-92462,2H,361827140
JHI-Hv50k-2016-92623,2H,397023842
JHI-Hv50k-2016-93106,2H,431056420
JHI-Hv50k-2016-93366,2H,440645568
JHI-Hv50k-2016-96944,2H,536684196
JHI-Hv50k-2016-97025,2H,537377008
JHI-Hv50k-2016-97836,2H,544037471
JHI-Hv50k-2016-98582,2H,554232139
JHI-Hv50k-2016-99004,2H,573154740
JHI-Hv50k-2016-99229,2H,579684878
JHI-Hv50k-2016-100214,2H,605855149
JHI-Hv50k-2016-101226,2H,614343724
JHI-Hv50k-2016-102159,2H,620289705
JHI-Hv50k-2016-102275,2H,620805246
JHI-Hv50k-2016-102625,2H,621473170
JHI-Hv50k-2016-102626,2H,621473214
JHI-Hv50k-2016-102627,2H,621473271
JHI-Hv50k-2016-102844,2H,623454882
JHI-Hv50k-2016-102850,2H,623455861
JHI-Hv50k-2016-102943,2H,624536995
JHI-Hv50k-2016-103868,2H,633763055
JHI-Hv50k-2016-103929,2H,634172654
JHI-Hv50k-2016-103938,2H,634263630
JHI-Hv50k-2016-104058,2H,635741132
JHI-Hv50k-2016-104059,2H,635741183
JHI-Hv50k-2016-104497,2H,638563625
JHI-Hv50k-2016-104508,2H,638564394
JHI-Hv50k-2016-104509,2H,638564534
JHI-Hv50k-2016-104510,2H,638564592
JHI-Hv50k-2016-104514,2H,638564779
JHI-Hv50k-2016-104565,2H,638636071
JHI-Hv50k-2016-104602,2H,638663320
JHI-Hv50k-2016-104651,2H,638687955
JHI-Hv50k-2016-105079,2H,640339929
JHI-Hv50k-2016-105262,2H,641447774
JHI-Hv50k-2016-105548,2H,643612063
JHI-Hv50k-2016-106035,2H,645283086
JHI-Hv50k-2016-106037,2H,645283484
JHI-Hv50k-2016-106572,2H,648066627
JHI-Hv50k-2016-106758,2H,648546315
JHI-Hv50k-2016-106848,2H,649523502
JHI-Hv50k-2016-108204,2H,655349005
JHI-Hv50k-2016-108250,2H,655481375
JHI-Hv50k-2016-110245,2H,674780049
JHI-Hv50k-2016-110449,2H,676195259
JHI-Hv50k-2016-110485,2H,676346903
JHI-Hv50k-2016-110636,2H,676986085
JHI-Hv50k-2016-111266,2H,678894131
JHI-Hv50k-2016-111319,2H,679384981
JHI-Hv50k-2016-111369,2H,679441267
JHI-Hv50k-2016-111501,2H,679708239
JHI-Hv50k-2016-111502,2H,679708586
JHI-Hv50k-2016-112299,2H,682668728
JHI-Hv50k-2016-112415,2H,682770710
JHI-Hv50k-2016-113836,2H,687977106
JHI-Hv50k-2016-113929,2H,688059675
JHI-Hv50k-2016-114026,2H,688299732
JHI-Hv50k-2016-114249,2H,688789190
JHI-Hv50k-2016-114253,2H,688835842
JHI-Hv50k-2016-114255,2H,688838367
JHI-Hv50k-2016-114264,2H,688981587
JHI-Hv50k-2016-114491,2H,689744512
JHI-Hv50k-2016-114548,2H,690572873
JHI-Hv50k-2016-114549,2H,690573762
JHI-Hv50k-2016-114619,2H,690973624
JHI-Hv50k-2016-114706,2H,691312072
JHI-Hv50k-2016-114849,2H,691528008
JHI-Hv50k-2016-114865,2H,691691423
JHI-Hv50k-2016-114940,2H,691945981
JHI-Hv50k-2016-114948,2H,691987104
JHI-Hv50k-2016-114951,2H,691987736
JHI-Hv50k-2016-114953,2H,691988019
JHI-Hv50k-2016-114965,2H,691997405
JHI-Hv50k-2016-115064,2H,692089850
JHI-Hv50k-2016-115080,2H,692337947
JHI-Hv50k-2016-115107,2H,692407193
JHI-Hv50k-2016-115110,2H,692407406
JHI-Hv50k-2016-115147,2H,692437563
JHI-Hv50k-2016-115163,2H,692438251
JHI-Hv50k-2016-115172,2H,692450921
JHI-Hv50k-2016-115174,2H,692451786
JHI-Hv50k-2016-115240,2H,692671797
JHI-Hv50k-2016-115245,2H,692671915
JHI-Hv50k-2016-115255,2H,692672874
JHI-Hv50k-2016-115312,2H,693000265
JHI-Hv50k-2016-115389,2H,693183239
JHI-Hv50k-2016-115563,2H,693846299
JHI-Hv50k-2016-115564,2H,693846332
JHI-Hv50k-2016-115666,2H,693940946
JHI-Hv50k-2016-115671,2H,693941239
JHI-Hv50k-2016-115889,2H,694597369
JHI-Hv50k-2016-115933,2H,694692604
JHI-Hv50k-2016-115953,2H,694789415
JHI-Hv50k-2016-116068,2H,695090057
JHI-Hv50k-2016-116385,2H,695915927
JHI-Hv50k-2016-116466,2H,696239880
JHI-Hv50k-2016-116577,2H,696377440
JHI-Hv50k-2016-116579,2H,696377672
JHI-Hv50k-2016-116581,2H,696377994
JHI-Hv50k-2016-116742,2H,696714683
JHI-Hv50k-2016-116864,2H,696900099
JHI-Hv50k-2016-116867,2H,696900444
JHI-Hv50k-2016-116907,2H,696906338
JHI-Hv50k-2016-116922,2H,696919616
JHI-Hv50k-2016-117081,2H,698149037
JHI-Hv50k-2016-117198,2H,698617643
JHI-Hv50k-2016-117333,2H,698915052
JHI-Hv50k-2016-117361,2H,699045973
JHI-Hv50k-2016-117509,2H,699438113
JHI-Hv50k-2016-117510,2H,699438244
JHI-Hv50k-2016-117516,2H,699438832
JHI-Hv50k-2016-118494,2H,702230699
JHI-Hv50k-2016-118583,2H,702544709
JHI-Hv50k-2016-119113,2H,704363557
JHI-Hv50k-2016-119116,2H,704365148
JHI-Hv50k-2016-119243,2H,704437105
JHI-Hv50k-2016-119256,2H,704556409
JHI-Hv50k-2016-119259,2H,704556796
JHI-Hv50k-2016-119334,2H,704876972
JHI-Hv50k-2016-124796,2H,716199820
JHI-Hv50k-2016-124924,2H,716482621
JHI-Hv50k-2016-124927,2H,716482753
JHI-Hv50k-2016-124930,2H,716482911
JHI-Hv50k-2016-124974,2H,716589685
JHI-Hv50k-2016-126274,2H,719652009
JHI-Hv50k-2016-130522,2H,729159339
JHI-Hv50k-2016-130764,2H,729295193
JHI-Hv50k-2016-131291,2H,731204776
JHI-Hv50k-2016-131292,2H,731204835
JHI-Hv50k-2016-131311,2H,731229343
JHI-Hv50k-2016-131709,2H,732702705
JHI-Hv50k-2016-132108,2H,733502549
JHI-Hv50k-2016-132172,2H,733526437
JHI-Hv50k-2016-132236,2H,733684638
JHI-Hv50k-2016-132248,2H,733685002
JHI-Hv50k-2016-132414,2H,733917318
JHI-Hv50k-2016-135041,2H,740990945
JHI-Hv50k-2016-135171,2H,741236008
JHI-Hv50k-2016-135356,2H,741621918
JHI-Hv50k-2016-135382,2H,741642582
JHI-Hv50k-2016-135561,2H,742067073
JHI-Hv50k-2016-135562,2H,742067194
JHI-Hv50k-2016-136164,2H,743020701
JHI-Hv50k-2016-137060,2H,744825209
JHI-Hv50k-2016-138947,2H,750042738
JHI-Hv50k-2016-138980,2H,750114129
JHI-Hv50k-2016-139283,2H,750747454
JHI-Hv50k-2016-139333,2H,750812309
JHI-Hv50k-2016-139435,2H,751128907
JHI-Hv50k-2016-139525,2H,751206586
JHI-Hv50k-2016-139657,2H,751633312
JHI-Hv50k-2016-139857,2H,751898115
JHI-Hv50k-2016-141407,2H,754561425
JHI-Hv50k-2016-148295,2H,767958620
JHI-Hv50k-2016-149834,3H,1949672
JHI-Hv50k-2016-150750,3H,3266680
JHI-Hv50k-2016-150847,3H,3509860
JHI-Hv50k-2016-150851,3H,3510192
JHI-Hv50k-2016-151061,3H,3682538
JHI-Hv50k-2016-151331,3H,3926116
JHI-Hv50k-2016-151897,3H,4624693
JHI-Hv50k-2016-152033,3H,6521655
JHI-Hv50k-2016-152690,3H,7532933
JHI-Hv50k-2016-152840,3H,7707729
JHI-Hv50k-2016-152878,3H,7739991
JHI-Hv50k-2016-153327,3H,8645980
JHI-Hv50k-2016-153498,3H,9116971
JHI-Hv50k-2016-153527,3H,9233621
JHI-Hv50k-2016-154007,3H,11306987
JHI-Hv50k-2016-154122,3H,11641858
JHI-Hv50k-2016-154752,3H,13432337
JHI-Hv50k-2016-154862,3H,13619632
JHI-Hv50k-2016-155569,3H,15256329
JHI-Hv50k-2016-155570,3H,15256629
JHI-Hv50k-2016-155677,3H,15314540
JHI-Hv50k-2016-155785,3H,15392641
JHI-Hv50k-2016-155803,3H,15394613
JHI-Hv50k-2016-155805,3H,15394820
JHI-Hv50k-2016-155807,3H,15394916
JHI-Hv50k-2016-156387,3H,16420851
JHI-Hv50k-2016-156580,3H,17263562
JHI-Hv50k-2016-156582,3H,17264293
JHI-Hv50k-2016-156865,3H,17568625
JHI-Hv50k-2016-156999,3H,17817242
JHI-Hv50k-2016-157160,3H,17953416
JHI-Hv50k-2016-157411,3H,18003763
JHI-Hv50k-2016-158003,3H,18788405
JHI-Hv50k-2016-159264,3H,23634696
JHI-Hv50k-2016-159312,3H,23645855
JHI-Hv50k-2016-159467,3H,23852971
JHI-Hv50k-2016-159468,3H,23875880
JHI-Hv50k-2016-159556,3H,24223023
JHI-Hv50k-2016-159650,3H,24538971
JHI-Hv50k-2016-159996,3H,25478284
JHI-Hv50k-2016-160053,3H,25544998
JHI-Hv50k-2016-160217,3H,26306671
JHI-Hv50k-2016-160227,3H,26308108
JHI-Hv50k-2016-160232,3H,26399514
JHI-Hv50k-2016-160284,3H,26611274
JHI-Hv50k-2016-160295,3H,26613024
JHI-Hv50k-2016-160298,3H,26613514
JHI-Hv50k-2016-160331,3H,26653151
JHI-Hv50k-2016-160352,3H,26666688
JHI-Hv50k-2016-160435,3H,27008398
JHI-Hv50k-2016-160477,3H,27053803
JHI-Hv50k-2016-161080,3H,28157143
JHI-Hv50k-2016-161081,3H,28157704
JHI-Hv50k-2016-161093,3H,28160787
JHI-Hv50k-2016-162197,3H,34230194
JHI-Hv50k-2016-162210,3H,34231650
JHI-Hv50k-2016-162954,3H,37958799
JHI-Hv50k-2016-163303,3H,39377019
JHI-Hv50k-2016-163496,3H,39774829
JHI-Hv50k-2016-163529,3H,40051984
JHI-Hv50k-2016-163623,3H,41041742
JHI-Hv50k-2016-163867,3H,43113398
JHI-Hv50k-2016-163869,3H,43113557
JHI-Hv50k-2016-163974,3H,43676587
JHI-Hv50k-2016-164334,3H,45576896
JHI-Hv50k-2016-164740,3H,62102552
JHI-Hv50k-2016-165984,3H,96577504
JHI-Hv50k-2016-166368,3H,122467409
JHI-Hv50k-2016-181132,3H,450707205
JHI-Hv50k-2016-181474,3H,458374402
JHI-Hv50k-2016-181543,3H,461250790
JHI-Hv50k-2016-182093,3H,467889815
JHI-Hv50k-2016-182094,3H,467889912
JHI-Hv50k-2016-182423,3H,474188905
JHI-Hv50k-2016-182436,3H,474829674
JHI-Hv50k-2016-182557,3H,477051144
JHI-Hv50k-2016-182582,3H,477739847
JHI-Hv50k-2016-182700,3H,481145119
JHI-Hv50k-2016-182720,3H,481480921
JHI-Hv50k-2016-182940,3H,485566329
JHI-Hv50k-2016-183041,3H,487527283
JHI-Hv50k-2016-183445,3H,491349821
JHI-Hv50k-2016-183528,3H,492160978
JHI-Hv50k-2016-183791,3H,494783757
JHI-Hv50k-2016-184726,3H,501045071
JHI-Hv50k-2016-184728,3H,501045272
JHI-Hv50k-2016-185119,3H,504706375
JHI-Hv50k-2016-185123,3H,504707086
JHI-Hv50k-2016-185188,3H,505519696
JHI-Hv50k-2016-185491,3H,508457538
JHI-Hv50k-2016-185997,3H,512669341
JHI-Hv50k-2016-186498,3H,517945742
JHI-Hv50k-2016-186499,3H,517946250
JHI-Hv50k-2016-186719,3H,520265980
JHI-Hv50k-2016-187407,3H,528987602
JHI-Hv50k-2016-187443,3H,529008881
JHI-Hv50k-2016-187516,3H,529840223
JHI-Hv50k-2016-187824,3H,531626983
JHI-Hv50k-2016-188175,3H,534421801
JHI-Hv50k-2016-188839,3H,538151890
JHI-Hv50k-2016-190063,3H,544416970
JHI-Hv50k-2016-190340,3H,547703791
JHI-Hv50k-2016-190711,3H,550416489
JHI-Hv50k-2016-191253,3H,554383142
JHI-Hv50k-2016-191513,3H,555558740
JHI-Hv50k-2016-191570,3H,556196073
JHI-Hv50k-2016-191997,3H,558416011
JHI-Hv50k-2016-192513,3H,561655532
JHI-Hv50k-2016-192532,3H,561664131
JHI-Hv50k-2016-192534,3H,561664491
JHI-Hv50k-2016-192711,3H,563329522
JHI-Hv50k-2016-193361,3H,568173793
JHI-Hv50k-2016-193461,3H,568712220
JHI-Hv50k-2016-193464,3H,568712251
JHI-Hv50k-2016-193609,3H,568990701
JHI-Hv50k-2016-193614,3H,569015347
JHI-Hv50k-2016-193640,3H,569122258
JHI-Hv50k-2016-193643,3H,569122422
JHI-Hv50k-2016-193644,3H,569122495
JHI-Hv50k-2016-193692,3H,569329191
JHI-Hv50k-2016-194354,3H,571322370
JHI-Hv50k-2016-194445,3H,571555392
JHI-Hv50k-2016-194477,3H,571631600
JHI-Hv50k-2016-195051,3H,581516867
JHI-Hv50k-2016-195512,3H,584055931
JHI-Hv50k-2016-195729,3H,585083673
JHI-Hv50k-2016-196155,3H,586180990
JHI-Hv50k-2016-196158,3H,586181510
JHI-Hv50k-2016-196276,3H,586511690
JHI-Hv50k-2016-196280,3H,586512656
JHI-Hv50k-2016-196287,3H,586513675
JHI-Hv50k-2016-196357,3H,586904641
JHI-Hv50k-2016-196379,3H,586999030
JHI-Hv50k-2016-196649,3H,588838602
JHI-Hv50k-2016-196798,3H,589820451
JHI-Hv50k-2016-198926,3H,601016754
JHI-Hv50k-2016-200641,3H,610519387
JHI-Hv50k-2016-200713,3H,610813420
JHI-Hv50k-2016-201484,3H,615842074
JHI-Hv50k-2016-201578,3H,616365963
JHI-Hv50k-2016-201579,3H,616366401
JHI-Hv50k-2016-201745,3H,617387280
JHI-Hv50k-2016-201773,3H,617760277
JHI-Hv50k-2016-201777,3H,617763236
JHI-Hv50k-2016-201896,3H,619335958
JHI-Hv50k-2016-203080,3H,623337088
JHI-Hv50k-2016-204392,3H,628716632
JHI-Hv50k-2016-204423,3H,628762587
JHI-Hv50k-2016-204532,3H,630472221
JHI-Hv50k-2016-204534,3H,630472306
JHI-Hv50k-2016-205257,3H,633184048
JHI-Hv50k-2016-206378,3H,639695992
JHI-Hv50k-2016-207481,3H,645865324
JHI-Hv50k-2016-207495,3H,645871382
JHI-Hv50k-2016-208432,3H,650912119
JHI-Hv50k-2016-208516,3H,651111306
JHI-Hv50k-2016-208872,3H,652447180
JHI-Hv50k-2016-208894,3H,652448329
JHI-Hv50k-2016-209018,3H,652715511
JHI-Hv50k-2016-209275,3H,653548850
JHI-Hv50k-2016-209663,3H,654748930
JHI-Hv50k-2016-209868,3H,654834850
JHI-Hv50k-2016-209957,3H,654918635
JHI-Hv50k-2016-209959,3H,654918644
JHI-Hv50k-2016-210038,3H,655192317
JHI-Hv50k-2016-210042,3H,655192848
JHI-Hv50k-2016-210086,3H,655214281
JHI-Hv50k-2016-210967,3H,657858257
JHI-Hv50k-2016-211019,3H,658134126
JHI-Hv50k-2016-211061,3H,658254102
JHI-Hv50k-2016-211108,3H,658332355
JHI-Hv50k-2016-211204,3H,658342427
JHI-Hv50k-2016-211251,3H,658353457
JHI-Hv50k-2016-211296,3H,658474734
JHI-Hv50k-2016-211904,3H,660284908
JHI-Hv50k-2016-212081,3H,660620642
JHI-Hv50k-2016-216732,3H,671280177
JHI-Hv50k-2016-221993,3H,686752100
JHI-Hv50k-2016-222101,3H,687237373
JHI-Hv50k-2016-222146,3H,687325378
JHI-Hv50k-2016-222375,3H,687519598
JHI-Hv50k-2016-222380,3H,687519829
JHI-Hv50k-2016-222723,3H,687953907
JHI-Hv50k-2016-222976,3H,688453679
JHI-Hv50k-2016-222985,3H,688465339
JHI-Hv50k-2016-222987,3H,688465509
JHI-Hv50k-2016-222988,3H,688465583
JHI-Hv50k-2016-223079,3H,688859978
JHI-Hv50k-2016-223558,3H,689733477
JHI-Hv50k-2016-223743,3H,689771260
JHI-Hv50k-2016-223930,3H,690024865
JHI-Hv50k-2016-225192,3H,695920003
JHI-Hv50k-2016-225326,3H,695964415
JHI-Hv50k-2016-225426,3H,696191798
JHI-Hv50k-2016-225595,3H,696635200
JHI-Hv50k-2016-225731,4H,322980
JHI-Hv50k-2016-225938,4H,382575
JHI-Hv50k-2016-226115,4H,643996
JHI-Hv50k-2016-226470,4H,1144620
JHI-Hv50k-2016-226481,4H,1145244
JHI-Hv50k-2016-226631,4H,1290934
JHI-Hv50k-2016-226641,4H,1291385
JHI-Hv50k-2016-227194,4H,2578994
JHI-Hv50k-2016-227212,4H,2674081
JHI-Hv50k-2016-227400,4H,2809221
JHI-Hv50k-2016-227709,4H,3773879
JHI-Hv50k-2016-227713,4H,3774030
JHI-Hv50k-2016-227729,4H,3837767
JHI-Hv50k-2016-227802,4H,4062429
JHI-Hv50k-2016-227912,4H,4231596
JHI-Hv50k-2016-228055,4H,4852287
JHI-Hv50k-2016-228296,4H,6234571
JHI-Hv50k-2016-228301,4H,6235069
JHI-Hv50k-2016-228563,4H,7643042
JHI-Hv50k-2016-228568,4H,7643132
JHI-Hv50k-2016-228570,4H,7719283
JHI-Hv50k-2016-228669,4H,8210307
JHI-Hv50k-2016-228676,4H,8212467
JHI-Hv50k-2016-228680,4H,8226052
JHI-Hv50k-2016-228937,4H,8816287
JHI-Hv50k-2016-229426,4H,9810833
JHI-Hv50k-2016-229564,4H,10037132
JHI-Hv50k-2016-231316,4H,19296713
JHI-Hv50k-2016-231550,4H,20493788
JHI-Hv50k-2016-231558,4H,20497301
JHI-Hv50k-2016-231560,4H,20499727
JHI-Hv50k-2016-231652,4H,21427703
JHI-Hv50k-2016-231654,4H,21427822
JHI-Hv50k-2016-231761,4H,21775547
JHI-Hv50k-2016-231810,4H,21786512
JHI-Hv50k-2016-231843,4H,21799802
JHI-Hv50k-2016-231926,4H,22553580
JHI-Hv50k-2016-231956,4H,22796842
JHI-Hv50k-2016-231960,4H,22860015
JHI-Hv50k-2016-231991,4H,22933686
JHI-Hv50k-2016-231992,4H,22933768
JHI-Hv50k-2016-232100,4H,23376842
JHI-Hv50k-2016-232106,4H,23377507
JHI-Hv50k-2016-232109,4H,23377819
JHI-Hv50k-2016-232227,4H,25677208
JHI-Hv50k-2016-232359,4H,26146490
JHI-Hv50k-2016-232383,4H,26149469
JHI-Hv50k-2016-232393,4H,26151034
JHI-Hv50k-2016-232426,4H,26198598
JHI-Hv50k-2016-232481,4H,26233567
JHI-Hv50k-2016-232482,4H,26233778
JHI-Hv50k-2016-232484,4H,26233824
JHI-Hv50k-2016-232489,4H,26245616
JHI-Hv50k-2016-232582,4H,26450400
JHI-Hv50k-2016-232625,4H,27021651
JHI-Hv50k-2016-232627,4H,27021749
JHI-Hv50k-2016-232659,4H,27196393
JHI-Hv50k-2016-236614,4H,57001442
JHI-Hv50k-2016-236621,4H,57051148
JHI-Hv50k-2016-236668,4H,57315147
JHI-Hv50k-2016-236727,4H,57594190
JHI-Hv50k-2016-236966,4H,59739857
JHI-Hv50k-2016-238721,4H,81024263
JHI-Hv50k-2016-240143,4H,110158101
JHI-Hv50k-2016-240736,4H,226788336
JHI-Hv50k-2016-240857,4H,241069549
JHI-Hv50k-2016-241134,4H,287937638
JHI-Hv50k-2016-241967,4H,355727801
JHI-Hv50k-2016-244516,4H,462632235
JHI-Hv50k-2016-244517,4H,462632455
JHI-Hv50k-2016-244599,4H,462965258
JHI-Hv50k-2016-244979,4H,464863096
JHI-Hv50k-2016-245070,4H,465979704
JHI-Hv50k-2016-245220,4H,468485267
JHI-Hv50k-2016-245279,4H,469411185
JHI-Hv50k-2016-246353,4H,477132574
JHI-Hv50k-2016-246473,4H,478369041
JHI-Hv50k-2016-261020,4H,599477386
JHI-Hv50k-2016-261365,4H,600468334
JHI-Hv50k-2016-261643,4H,601571298
JHI-Hv50k-2016-263064,4H,608733743
JHI-Hv50k-2016-263067,4H,608733881
JHI-Hv50k-2016-263068,4H,608733960
JHI-Hv50k-2016-263069,4H,608734115
JHI-Hv50k-2016-265391,4H,619904053
JHI-Hv50k-2016-265464,4H,620142896
JHI-Hv50k-2016-265718,4H,620838552
JHI-Hv50k-2016-265719,4H,620838649
JHI-Hv50k-2016-265729,4H,620839470
JHI-Hv50k-2016-266659,4H,623124591
JHI-Hv50k-2016-270585,4H,634682626
JHI-Hv50k-2016-270730,4H,634883327
JHI-Hv50k-2016-270803,4H,634954943
JHI-Hv50k-2016-271015,4H,635783239
JHI-Hv50k-2016-271125,4H,636187712
JHI-Hv50k-2016-271271,4H,636211232
JHI-Hv50k-2016-272306,4H,638274886
JHI-Hv50k-2016-272315,4H,638318916
JHI-Hv50k-2016-272337,4H,638487921
JHI-Hv50k-2016-273088,4H,640543395
JHI-Hv50k-2016-273132,4H,640549497
JHI-Hv50k-2016-273355,4H,640645168
JHI-Hv50k-2016-273394,4H,640652945
JHI-Hv50k-2016-273669,4H,641042468
JHI-Hv50k-2016-273825,4H,641155435
JHI-Hv50k-2016-273846,4H,641157608
JHI-Hv50k-2016-273848,4H,641157674
JHI-Hv50k-2016-273849,4H,641157764
JHI-Hv50k-2016-273885,4H,641160329
JHI-Hv50k-2016-273925,4H,641189058
JHI-Hv50k-2016-274480,4H,641794627
JHI-Hv50k-2016-275077,4H,643063784
JHI-Hv50k-2016-275198,4H,643440209
JHI-Hv50k-2016-276923,4H,646906186
JHI-Hv50k-2016-278528,5H,4673242
JHI-Hv50k-2016-278561,5H,4679271
JHI-Hv50k-2016-278571,5H,4680763
JHI-Hv50k-2016-278646,5H,5126161
JHI-Hv50k-2016-278959,5H,5793337
JHI-Hv50k-2016-278969,5H,5794806
JHI-Hv50k-2016-278970,5H,5795028
JHI-Hv50k-2016-278973,5H,5795335
JHI-Hv50k-2016-279165,5H,6339127
JHI-Hv50k-2016-279216,5H,6368231
JHI-Hv50k-2016-279226,5H,6372914
JHI-Hv50k-2016-279552,5H,6778354
JHI-Hv50k-2016-282345,5H,12690441
JHI-Hv50k-2016-282389,5H,12720176
JHI-Hv50k-2016-282392,5H,12720332
JHI-Hv50k-2016-282395,5H,12720519
JHI-Hv50k-2016-282443,5H,12796249
JHI-Hv50k-2016-282798,5H,14109320
JHI-Hv50k-2016-282916,5H,15599684
JHI-Hv50k-2016-287256,5H,31678885
JHI-Hv50k-2016-290961,5H,62650086
JHI-Hv50k-2016-291885,5H,73388770
JHI-Hv50k-2016-292140,5H,77819138
JHI-Hv50k-2016-292222,5H,80433258
JHI-Hv50k-2016-292492,5H,83942101
JHI-Hv50k-2016-292829,5H,87912427
JHI-Hv50k-2016-292911,5H,90690474
JHI-Hv50k-2016-293154,5H,96157137
JHI-Hv50k-2016-293185,5H,96619343
JHI-Hv50k-2016-293437,5H,99915664
JHI-Hv50k-2016-293618,5H,105661080
JHI-Hv50k-2016-293695,5H,107578503
JHI-Hv50k-2016-293903,5H,115197468
JHI-Hv50k-2016-294104,5H,120942271
JHI-Hv50k-2016-294207,5H,124211802
JHI-Hv50k-2016-294253,5H,125042950
JHI-Hv50k-2016-294279,5H,125243367
JHI-Hv50k-2016-294381,5H,126914555
JHI-Hv50k-2016-294568,5H,130572515
JHI-Hv50k-2016-294724,5H,133545868
JHI-Hv50k-2016-294865,5H,140931530
JHI-Hv50k-2016-294872,5H,141060851
JHI-Hv50k-2016-294971,5H,145689154
JHI-Hv50k-2016-295010,5H,146509710
JHI-Hv50k-2016-295020,5H,147647417
JHI-Hv50k-2016-295021,5H,147886361
JHI-Hv50k-2016-295343,5H,158566089
JHI-Hv50k-2016-295543,5H,175423288
JHI-Hv50k-2016-295681,5H,184611505
JHI-Hv50k-2016-295731,5H,188909765
JHI-Hv50k-2016-295854,5H,196617582
JHI-Hv50k-2016-295985,5H,211280655
JHI-Hv50k-2016-296393,5H,252869544
JHI-Hv50k-2016-296453,5H,261369807
JHI-Hv50k-2016-296475,5H,266194270
JHI-Hv50k-2016-297337,5H,294980752
JHI-Hv50k-2016-297380,5H,296948465
JHI-Hv50k-2016-297426,5H,298233447
JHI-Hv50k-2016-297598,5H,303454536
JHI-Hv50k-2016-297674,5H,306358440
JHI-Hv50k-2016-297745,5H,311137539
JHI-Hv50k-2016-297963,5H,319302609
JHI-Hv50k-2016-298127,5H,330160337
JHI-Hv50k-2016-298226,5H,335589140
JHI-Hv50k-2016-298254,5H,337462863
JHI-Hv50k-2016-298660,5H,346782274
JHI-Hv50k-2016-298662,5H,346785177
JHI-Hv50k-2016-300210,5H,371708706
JHI-Hv50k-2016-300677,5H,374862511
JHI-Hv50k-2016-300777,5H,376055619
JHI-Hv50k-2016-300817,5H,376324621
JHI-Hv50k-2016-300984,5H,379218905
JHI-Hv50k-2016-300995,5H,379233739
JHI-Hv50k-2016-301070,5H,382072960
JHI-Hv50k-2016-301337,5H,387032965
JHI-Hv50k-2016-302099,5H,396846630
JHI-Hv50k-2016-302314,5H,400578548
JHI-Hv50k-2016-304107,5H,431594380
JHI-Hv50k-2016-304137,5H,436956951
JHI-Hv50k-2016-305129,5H,454564461
JHI-Hv50k-2016-305840,5H,464869682
JHI-Hv50k-2016-305951,5H,465720192
JHI-Hv50k-2016-306139,5H,467839614
JHI-Hv50k-2016-306822,5H,477958251
JHI-Hv50k-2016-307003,5H,479345584
JHI-Hv50k-2016-307026,5H,479347535
JHI-Hv50k-2016-307187,5H,480419629
JHI-Hv50k-2016-307188,5H,480419858
JHI-Hv50k-2016-307189,5H,480419958
JHI-Hv50k-2016-307191,5H,480420083
JHI-Hv50k-2016-307195,5H,480420544
JHI-Hv50k-2016-307196,5H,480420635
JHI-Hv50k-2016-308206,5H,486799466
JHI-Hv50k-2016-308358,5H,487796519
JHI-Hv50k-2016-308543,5H,488365178
JHI-Hv50k-2016-309038,5H,497104406
JHI-Hv50k-2016-309051,5H,497438130
JHI-Hv50k-2016-309053,5H,497439843
JHI-Hv50k-2016-309064,5H,497699445
JHI-Hv50k-2016-309221,5H,499576853
JHI-Hv50k-2016-309381,5H,500700288
JHI-Hv50k-2016-309383,5H,500700515
JHI-Hv50k-2016-309385,5H,500700748
JHI-Hv50k-2016-309515,5H,501793379
JHI-Hv50k-2016-310194,5H,510670607
JHI-Hv50k-2016-312273,5H,531388318
JHI-Hv50k-2016-313788,5H,535816147
JHI-Hv50k-2016-313869,5H,536317274
JHI-Hv50k-2016-314045,5H,536852425
JHI-Hv50k-2016-314066,5H,537292329
JHI-Hv50k-2016-314398,5H,540590618
JHI-Hv50k-2016-314653,5H,541703323
JHI-Hv50k-2016-314664,5H,541704674
JHI-Hv50k-2016-315261,5H,543898276
JHI-Hv50k-2016-315311,5H,544244980
JHI-Hv50k-2016-316782,5H,548133420
JHI-Hv50k-2016-316785,5H,548133485
JHI-Hv50k-2016-316787,5H,548133735
JHI-Hv50k-2016-316792,5H,548134269
JHI-Hv50k-2016-317105,5H,552214993
JHI-Hv50k-2016-317176,5H,552546572
JHI-Hv50k-2016-317201,5H,552549773
JHI-Hv50k-2016-317355,5H,552934147
JHI-Hv50k-2016-317440,5H,552949933
JHI-Hv50k-2016-317495,5H,552967329
JHI-Hv50k-2016-317717,5H,553260728
JHI-Hv50k-2016-317761,5H,553282742
JHI-Hv50k-2016-319359,5H,557306082
JHI-Hv50k-2016-319361,5H,557306278
JHI-Hv50k-2016-319731,5H,557912597
JHI-Hv50k-2016-319760,5H,557964730
JHI-Hv50k-2016-319914,5H,558775995
JHI-Hv50k-2016-319917,5H,558776694
JHI-Hv50k-2016-321134,5H,563647686
JHI-Hv50k-2016-322287,5H,568057979
JHI-Hv50k-2016-322677,5H,568905098
JHI-Hv50k-2016-323289,5H,571569204
JHI-Hv50k-2016-325373,5H,576265753
JHI-Hv50k-2016-327706,5H,581803068
JHI-Hv50k-2016-327859,5H,582055974
JHI-Hv50k-2016-329268,5H,585573792
JHI-Hv50k-2016-331300,5H,588527008
JHI-Hv50k-2016-331662,5H,589159920
JHI-Hv50k-2016-331809,5H,589578917
JHI-Hv50k-2016-332058,5H,589933044
JHI-Hv50k-2016-332530,5H,591246674
JHI-Hv50k-2016-332891,5H,591946085
JHI-Hv50k-2016-332956,5H,592334470
JHI-Hv50k-2016-332986,5H,592424712
JHI-Hv50k-2016-333580,5H,594157115
JHI-Hv50k-2016-333582,5H,594157266
JHI-Hv50k-2016-333626,5H,594234587
JHI-Hv50k-2016-333643,5H,594241026
JHI-Hv50k-2016-333761,5H,594558259
JHI-Hv50k-2016-334056,5H,595416742
JHI-Hv50k-2016-334219,5H,596204198
JHI-Hv50k-2016-334221,5H,596204796
JHI-Hv50k-2016-335374,5H,597826101
JHI-Hv50k-2016-335543,5H,597855904
JHI-Hv50k-2016-335824,5H,598568140
JHI-Hv50k-2016-335869,5H,598757274
JHI-Hv50k-2016-335880,5H,598763441
JHI-Hv50k-2016-335882,5H,598763535
JHI-Hv50k-2016-335885,5H,598763816
JHI-Hv50k-2016-335886,5H,598763969
JHI-Hv50k-2016-335887,5H,598764243
JHI-Hv50k-2016-335931,5H,599121042
JHI-Hv50k-2016-335934,5H,599121762
JHI-Hv50k-2016-335942,5H,599123281
JHI-Hv50k-2016-335947,5H,599123602
JHI-Hv50k-2016-335949,5H,599124009
JHI-Hv50k-2016-336398,5H,600195497
JHI-Hv50k-2016-336517,5H,600493650
JHI-Hv50k-2016-336665,5H,600596288
JHI-Hv50k-2016-336681,5H,600603325
JHI-Hv50k-2016-336748,5H,600850419
JHI-Hv50k-2016-336770,5H,600914381
JHI-Hv50k-2016-336771,5H,600914471
JHI-Hv50k-2016-336801,5H,600961484
JHI-Hv50k-2016-336833,5H,601143471
JHI-Hv50k-2016-337389,5H,602676669
JHI-Hv50k-2016-337616,5H,603280661
JHI-Hv50k-2016-337660,5H,603536995
JHI-Hv50k-2016-337832,5H,604253217
JHI-Hv50k-2016-337849,5H,604272465
JHI-Hv50k-2016-337992,5H,605314967
JHI-Hv50k-2016-338080,5H,605407376
JHI-Hv50k-2016-338081,5H,605407569
JHI-Hv50k-2016-338418,5H,607038617
JHI-Hv50k-2016-338495,5H,607269214
JHI-Hv50k-2016-338603,5H,607886079
JHI-Hv50k-2016-338621,5H,607887435
JHI-Hv50k-2016-338704,5H,608279101
JHI-Hv50k-2016-338851,5H,608881221
JHI-Hv50k-2016-338916,5H,608995582
JHI-Hv50k-2016-339056,5H,609151525
JHI-Hv50k-2016-340037,5H,610278965
JHI-Hv50k-2016-340365,5H,610690352
JHI-Hv50k-2016-340433,5H,610981184
JHI-Hv50k-2016-340437,5H,610981633
JHI-Hv50k-2016-341002,5H,611821784
JHI-Hv50k-2016-341523,5H,612629977
JHI-Hv50k-2016-341929,5H,613720750
JHI-Hv50k-2016-341934,5H,613721412
JHI-Hv50k-2016-341936,5H,613721591
JHI-Hv50k-2016-341937,5H,613722196
JHI-Hv50k-2016-341946,5H,613723248
JHI-Hv50k-2016-341994,5H,613902931
JHI-Hv50k-2016-342174,5H,614204219
JHI-Hv50k-2016-342184,5H,614303376
JHI-Hv50k-2016-342189,5H,614303737
JHI-Hv50k-2016-342191,5H,614303931
JHI-Hv50k-2016-342192,5H,614304037
JHI-Hv50k-2016-342199,5H,614304582
JHI-Hv50k-2016-342239,5H,614442876
JHI-Hv50k-2016-342445,5H,614687561
JHI-Hv50k-2016-342820,5H,615393309
JHI-Hv50k-2016-343074,5H,616376075
JHI-Hv50k-2016-343645,5H,617548770
JHI-Hv50k-2016-343697,5H,617776796
JHI-Hv50k-2016-343698,5H,617776959
JHI-Hv50k-2016-343714,5H,617777522
JHI-Hv50k-2016-343718,5H,617777954
JHI-Hv50k-2016-343804,5H,618179942
JHI-Hv50k-2016-343805,5H,618180034
JHI-Hv50k-2016-343989,5H,618840781
JHI-Hv50k-2016-343992,5H,618842000
JHI-Hv50k-2016-344250,5H,619892482
JHI-Hv50k-2016-344252,5H,619892661
JHI-Hv50k-2016-344270,5H,619904690
JHI-Hv50k-2016-344283,5H,619905219
JHI-Hv50k-2016-344416,5H,620199289
JHI-Hv50k-2016-344492,5H,620635473
JHI-Hv50k-2016-344783,5H,621069729
JHI-Hv50k-2016-345007,5H,621919785
JHI-Hv50k-2016-345023,5H,621921454
JHI-Hv50k-2016-345222,5H,622368927
JHI-Hv50k-2016-345308,5H,622810655
JHI-Hv50k-2016-346089,5H,623910014
JHI-Hv50k-2016-346190,5H,623955690
JHI-Hv50k-2016-346264,5H,623994998
JHI-Hv50k-2016-346493,5H,625354250
JHI-Hv50k-2016-346572,5H,625546037
JHI-Hv50k-2016-347269,5H,628375053
JHI-Hv50k-2016-347288,5H,628387613
JHI-Hv50k-2016-347304,5H,628398403
JHI-Hv50k-2016-348014,5H,630039406
JHI-Hv50k-2016-348060,5H,630122063
JHI-Hv50k-2016-348257,5H,630424449
JHI-Hv50k-2016-348262,5H,630425223
JHI-Hv50k-2016-349606,5H,635868266
JHI-Hv50k-2016-349626,5H,635872329
JHI-Hv50k-2016-349695,5H,635938660
JHI-Hv50k-2016-349709,5H,635985228
JHI-Hv50k-2016-349816,5H,636407314
JHI-Hv50k-2016-349878,5H,636696667
JHI-Hv50k-2016-349887,5H,636709831
JHI-Hv50k-2016-349922,5H,636773882
JHI-Hv50k-2016-351024,5H,639841468
JHI-Hv50k-2016-351251,5H,640363444
JHI-Hv50k-2016-351253,5H,640363496
JHI-Hv50k-2016-351256,5H,640363997
JHI-Hv50k-2016-351257,5H,640364059
JHI-Hv50k-2016-352383,5H,642402166
JHI-Hv50k-2016-352388,5H,642402794
JHI-Hv50k-2016-352657,5H,642936977
JHI-Hv50k-2016-353080,5H,643041860
JHI-Hv50k-2016-353447,5H,643788587
JHI-Hv50k-2016-354324,5H,645036758
JHI-Hv50k-2016-354346,5H,645041078
JHI-Hv50k-2016-354871,5H,646226163
JHI-Hv50k-2016-355145,5H,646807521
JHI-Hv50k-2016-355863,5H,648005638
JHI-Hv50k-2016-356258,5H,648559383
JHI-Hv50k-2016-356272,5H,648639132
JHI-Hv50k-2016-356505,5H,649189525
JHI-Hv50k-2016-356913,5H,649724208
JHI-Hv50k-2016-357013,5H,649916618
JHI-Hv50k-2016-357209,5H,650318148
JHI-Hv50k-2016-357721,5H,650998052
JHI-Hv50k-2016-357757,5H,651010247
JHI-Hv50k-2016-359470,5H,654990009
JHI-Hv50k-2016-359473,5H,654990401
JHI-Hv50k-2016-359870,5H,655333244
JHI-Hv50k-2016-359873,5H,655333715
JHI-Hv50k-2016-359874,5H,655333728
JHI-Hv50k-2016-362392,5H,659533445
JHI-Hv50k-2016-362394,5H,659533931
JHI-Hv50k-2016-362460,5H,659737361
JHI-Hv50k-2016-362484,5H,659823804
JHI-Hv50k-2016-362514,5H,659842931
JHI-Hv50k-2016-362587,5H,660823217
JHI-Hv50k-2016-362630,5H,660979460
JHI-Hv50k-2016-362645,5H,660980276
JHI-Hv50k-2016-362791,5H,661158102
JHI-Hv50k-2016-362796,5H,661158804
JHI-Hv50k-2016-362982,5H,661521184
JHI-Hv50k-2016-362994,5H,661522423
JHI-Hv50k-2016-362998,5H,661522878
JHI-Hv50k-2016-362999,5H,661522879
JHI-Hv50k-2016-363030,5H,661526013
JHI-Hv50k-2016-363055,5H,661529111
JHI-Hv50k-2016-363800,5H,662599220
JHI-Hv50k-2016-363935,5H,662818923
JHI-Hv50k-2016-364108,5H,663078177
JHI-Hv50k-2016-364522,5H,663888488
JHI-Hv50k-2016-364953,5H,664378139
JHI-Hv50k-2016-365782,5H,665168078
JHI-Hv50k-2016-365954,5H,665694674
JHI-Hv50k-2016-365997,5H,665989304
JHI-Hv50k-2016-366538,5H,667491994
JHI-Hv50k-2016-367779,5H,669781354
JHI-Hv50k-2016-368032,6H,396064
JHI-Hv50k-2016-368836,6H,1589699
JHI-Hv50k-2016-368931,6H,2596054
JHI-Hv50k-2016-368959,6H,2614076
JHI-Hv50k-2016-369006,6H,3025485
JHI-Hv50k-2016-369194,6H,3858798
JHI-Hv50k-2016-369247,6H,3917797
JHI-Hv50k-2016-369259,6H,3918730
JHI-Hv50k-2016-369263,6H,3919009
JHI-Hv50k-2016-369729,6H,4884256
JHI-Hv50k-2016-370046,6H,5180947
JHI-Hv50k-2016-370179,6H,5397126
JHI-Hv50k-2016-370551,6H,5817614
JHI-Hv50k-2016-371327,6H,7031843
JHI-Hv50k-2016-371328,6H,7032503
JHI-Hv50k-2016-371329,6H,7032557
JHI-Hv50k-2016-371331,6H,7032976
JHI-Hv50k-2016-371605,6H,7809389
JHI-Hv50k-2016-371606,6H,7809451
JHI-Hv50k-2016-371619,6H,7811204
JHI-Hv50k-2016-371659,6H,7842090
JHI-Hv50k-2016-372009,6H,8038386
JHI-Hv50k-2016-372848,6H,9324931
JHI-Hv50k-2016-373042,6H,10693898
JHI-Hv50k-2016-373104,6H,10922107
JHI-Hv50k-2016-373481,6H,11920410
JHI-Hv50k-2016-373482,6H,11921539
JHI-Hv50k-2016-373484,6H,11922210
JHI-Hv50k-2016-373534,6H,11942821
JHI-Hv50k-2016-373554,6H,12013305
JHI-Hv50k-2016-373560,6H,12013658
JHI-Hv50k-2016-373599,6H,12017956
JHI-Hv50k-2016-373811,6H,12300300
JHI-Hv50k-2016-373816,6H,12300594
JHI-Hv50k-2016-373820,6H,12300886
JHI-Hv50k-2016-373846,6H,12305286
JHI-Hv50k-2016-373963,6H,12371372
JHI-Hv50k-2016-373965,6H,12371765
JHI-Hv50k-2016-374006,6H,12387029
JHI-Hv50k-2016-374056,6H,12505810
JHI-Hv50k-2016-374203,6H,13040474
JHI-Hv50k-2016-374480,6H,13448524
JHI-Hv50k-2016-374485,6H,13448738
JHI-Hv50k-2016-374581,6H,13462329
JHI-Hv50k-2016-374701,6H,13523750
JHI-Hv50k-2016-375198,6H,14280071
JHI-Hv50k-2016-376061,6H,15538540
JHI-Hv50k-2016-376166,6H,15550203
JHI-Hv50k-2016-376312,6H,15816898
JHI-Hv50k-2016-377180,6H,16442839
JHI-Hv50k-2016-377329,6H,16584184
JHI-Hv50k-2016-377584,6H,16746504
JHI-Hv50k-2016-377667,6H,16877584
JHI-Hv50k-2016-377672,6H,16878353
JHI-Hv50k-2016-377926,6H,17552393
JHI-Hv50k-2016-377929,6H,17552594
JHI-Hv50k-2016-377995,6H,17809701
JHI-Hv50k-2016-378036,6H,18484902
JHI-Hv50k-2016-378173,6H,18911167
JHI-Hv50k-2016-378180,6H,18911522
JHI-Hv50k-2016-378409,6H,19548323
JHI-Hv50k-2016-378825,6H,20891130
JHI-Hv50k-2016-378829,6H,20892134
JHI-Hv50k-2016-378854,6H,20959428
JHI-Hv50k-2016-378864,6H,20961693
JHI-Hv50k-2016-378880,6H,21067922
JHI-Hv50k-2016-378987,6H,21450978
JHI-Hv50k-2016-379030,6H,21803330
JHI-Hv50k-2016-379147,6H,22184029
JHI-Hv50k-2016-379149,6H,22185266
JHI-Hv50k-2016-379500,6H,24102066
JHI-Hv50k-2016-379986,6H,25305342
JHI-Hv50k-2016-380143,6H,26025055
JHI-Hv50k-2016-380476,6H,27656322
JHI-Hv50k-2016-381219,6H,30377738
JHI-Hv50k-2016-381395,6H,30642920
JHI-Hv50k-2016-381578,6H,30965325
JHI-Hv50k-2016-381710,6H,31192378
JHI-Hv50k-2016-381950,6H,32054764
JHI-Hv50k-2016-381960,6H,32084952
JHI-Hv50k-2016-381961,6H,32085224
JHI-Hv50k-2016-381977,6H,32243281
JHI-Hv50k-2016-382058,6H,32381519
JHI-Hv50k-2016-382069,6H,32382209
JHI-Hv50k-2016-382077,6H,32383272
JHI-Hv50k-2016-382223,6H,33011618
JHI-Hv50k-2016-382460,6H,33610499
JHI-Hv50k-2016-382877,6H,35313306
JHI-Hv50k-2016-383145,6H,35795067
JHI-Hv50k-2016-383344,6H,36196682
JHI-Hv50k-2016-383529,6H,36810370
JHI-Hv50k-2016-384308,6H,39467051
JHI-Hv50k-2016-384979,6H,41765859
JHI-Hv50k-2016-385501,6H,44536896
JHI-Hv50k-2016-385516,6H,44540046
JHI-Hv50k-2016-385734,6H,46509064
JHI-Hv50k-2016-386133,6H,48036790
JHI-Hv50k-2016-386247,6H,48212902
JHI-Hv50k-2016-386349,6H,49430173
JHI-Hv50k-2016-386478,6H,49799602
JHI-Hv50k-2016-386647,6H,50782917
JHI-Hv50k-2016-386662,6H,50786423
JHI-Hv50k-2016-386764,6H,52052535
JHI-Hv50k-2016-386912,6H,55941181
JHI-Hv50k-2016-387087,6H,57298269
JHI-Hv50k-2016-387142,6H,58140584
JHI-Hv50k-2016-387296,6H,60167192
JHI-Hv50k-2016-387515,6H,61096846
JHI-Hv50k-2016-387740,6H,61738363
JHI-Hv50k-2016-387808,6H,63332162
JHI-Hv50k-2016-387823,6H,63827231
JHI-Hv50k-2016-387837,6H,64010913
JHI-Hv50k-2016-387846,6H,64014716
JHI-Hv50k-2016-388150,6H,67051288
JHI-Hv50k-2016-388337,6H,68650867
JHI-Hv50k-2016-388395,6H,69634729
JHI-Hv50k-2016-388539,6H,71274357
JHI-Hv50k-2016-388653,6H,71746691
JHI-Hv50k-2016-388853,6H,77290998
JHI-Hv50k-2016-388916,6H,78133735
JHI-Hv50k-2016-388962,6H,79099587
JHI-Hv50k-2016-388995,6H,79206341
JHI-Hv50k-2016-389017,6H,79414473
JHI-Hv50k-2016-389034,6H,79610668
JHI-Hv50k-2016-389066,6H,81591139
JHI-Hv50k-2016-389078,6H,82035531
JHI-Hv50k-2016-389092,6H,83250997
JHI-Hv50k-2016-389120,6H,83790960
JHI-Hv50k-2016-389220,6H,87788525
JHI-Hv50k-2016-389223,6H,87895281
JHI-Hv50k-2016-394279,6H,201312895
JHI-Hv50k-2016-397796,6H,345716896
JHI-Hv50k-2016-399074,6H,363543488
JHI-Hv50k-2016-399160,6H,364806791
JHI-Hv50k-2016-400736,6H,379784912
JHI-Hv50k-2016-400774,6H,380198311
JHI-Hv50k-2016-400782,6H,380200042
JHI-Hv50k-2016-401495,6H,387092035
JHI-Hv50k-2016-401965,6H,392888920
JHI-Hv50k-2016-402178,6H,395215173
JHI-Hv50k-2016-402835,6H,400963737
JHI-Hv50k-2016-402862,6H,401161340
JHI-Hv50k-2016-402969,6H,401631907
JHI-Hv50k-2016-403454,6H,406914708
JHI-Hv50k-2016-403455,6H,406915022
JHI-Hv50k-2016-403497,6H,407038377
JHI-Hv50k-2016-404362,6H,414353767
JHI-Hv50k-2016-405857,6H,432470668
JHI-Hv50k-2016-406337,6H,441523585
JHI-Hv50k-2016-406391,6H,441973775
JHI-Hv50k-2016-406413,6H,443048015
JHI-Hv50k-2016-406471,6H,444318488
JHI-Hv50k-2016-406622,6H,449543485
JHI-Hv50k-2016-406973,6H,459829585
JHI-Hv50k-2016-408348,6H,476164708
JHI-Hv50k-2016-408471,6H,477264426
JHI-Hv50k-2016-408616,6H,478110731
JHI-Hv50k-2016-408756,6H,478425912
JHI-Hv50k-2016-412188,6H,507159212
JHI-Hv50k-2016-412578,6H,511065335
JHI-Hv50k-2016-412579,6H,511065500
JHI-Hv50k-2016-412772,6H,512188357
JHI-Hv50k-2016-415149,6H,530730836
JHI-Hv50k-2016-415318,6H,531690976
JHI-Hv50k-2016-415333,6H,531932580
JHI-Hv50k-2016-415435,6H,532418899
JHI-Hv50k-2016-415468,6H,532839517
JHI-Hv50k-2016-415470,6H,532839541
JHI-Hv50k-2016-415478,6H,532840189
JHI-Hv50k-2016-415505,6H,532881762
JHI-Hv50k-2016-415524,6H,532902125
JHI-Hv50k-2016-415590,6H,533274092
JHI-Hv50k-2016-415625,6H,533492330
JHI-Hv50k-2016-415723,6H,534442689
JHI-Hv50k-2016-415738,6H,534446587
JHI-Hv50k-2016-415739,6H,534446770
JHI-Hv50k-2016-415741,6H,534447141
JHI-Hv50k-2016-415759,6H,534467103
JHI-Hv50k-2016-416155,6H,535847198
JHI-Hv50k-2016-416162,6H,535848192
JHI-Hv50k-2016-416163,6H,535848272
JHI-Hv50k-2016-416166,6H,535848577
JHI-Hv50k-2016-416171,6H,535848832
JHI-Hv50k-2016-416172,6H,535848905
JHI-Hv50k-2016-416814,6H,539063939
JHI-Hv50k-2016-416826,6H,539065547
JHI-Hv50k-2016-416857,6H,539363533
JHI-Hv50k-2016-418542,6H,545782080
JHI-Hv50k-2016-418696,6H,546447241
JHI-Hv50k-2016-418841,6H,546760377
JHI-Hv50k-2016-419063,6H,547248497
JHI-Hv50k-2016-419176,6H,547557383
JHI-Hv50k-2016-419178,6H,547557610
JHI-Hv50k-2016-419185,6H,547558098
JHI-Hv50k-2016-419189,6H,547558389
JHI-Hv50k-2016-419446,6H,548290007
JHI-Hv50k-2016-419498,6H,548433147
JHI-Hv50k-2016-419728,6H,549256258
JHI-Hv50k-2016-419748,6H,549256917
JHI-Hv50k-2016-420337,6H,550803791
JHI-Hv50k-2016-420721,6H,552095364
JHI-Hv50k-2016-421119,6H,553203797
JHI-Hv50k-2016-421691,6H,555704707
JHI-Hv50k-2016-422310,6H,557356812
JHI-Hv50k-2016-422311,6H,557356877
JHI-Hv50k-2016-422493,6H,557854612
JHI-Hv50k-2016-423113,6H,559706816
JHI-Hv50k-2016-423120,6H,559707003
JHI-Hv50k-2016-423703,6H,561342443
JHI-Hv50k-2016-423785,6H,561584301
JHI-Hv50k-2016-423827,6H,561627778
JHI-Hv50k-2016-423834,6H,561628538
JHI-Hv50k-2016-423895,6H,561641532
JHI-Hv50k-2016-424223,6H,562713602
JHI-Hv50k-2016-424258,6H,562781468
JHI-Hv50k-2016-424303,6H,562814928
JHI-Hv50k-2016-424398,6H,563029385
JHI-Hv50k-2016-424446,6H,563076620
JHI-Hv50k-2016-424936,6H,564089183
JHI-Hv50k-2016-424965,6H,564136038
JHI-Hv50k-2016-425100,6H,564918031
JHI-Hv50k-2016-425180,6H,565029132
JHI-Hv50k-2016-425344,6H,565057015
JHI-Hv50k-2016-425690,6H,565576337
JHI-Hv50k-2016-426426,6H,567134681
JHI-Hv50k-2016-426825,6H,568281282
JHI-Hv50k-2016-426839,6H,568302735
JHI-Hv50k-2016-426840,6H,568302969
JHI-Hv50k-2016-426843,6H,568303144
JHI-Hv50k-2016-427554,6H,571417951
JHI-Hv50k-2016-427559,6H,571418298
JHI-Hv50k-2016-427573,6H,571418945
JHI-Hv50k-2016-427722,6H,571462205
JHI-Hv50k-2016-428058,6H,572430682
JHI-Hv50k-2016-428483,6H,573491584
JHI-Hv50k-2016-428664,6H,573640547
JHI-Hv50k-2016-430061,6H,576928027
JHI-Hv50k-2016-430149,6H,577100969
JHI-Hv50k-2016-432683,6H,580309552
JHI-Hv50k-2016-433420,6H,582030259
JHI-Hv50k-2016-434164,6H,583100615
JHI-Hv50k-2016-434535,6H,583282205
JHI-Hv50k-2016-434620,6H,583310973
JHI-Hv50k-2016-435274,7H,198711
JHI-Hv50k-2016-436250,7H,842671
JHI-Hv50k-2016-436469,7H,984896
JHI-Hv50k-2016-437051,7H,2084891
JHI-Hv50k-2016-437197,7H,2309111
JHI-Hv50k-2016-437597,7H,2466982
JHI-Hv50k-2016-437598,7H,2467003
JHI-Hv50k-2016-437996,7H,2725936
JHI-Hv50k-2016-439545,7H,4127710
JHI-Hv50k-2016-439748,7H,4399656
JHI-Hv50k-2016-439749,7H,4399838
JHI-Hv50k-2016-439996,7H,4532042
JHI-Hv50k-2016-440612,7H,4996773
JHI-Hv50k-2016-440728,7H,5068072
JHI-Hv50k-2016-440878,7H,5165702
JHI-Hv50k-2016-440879,7H,5165768
JHI-Hv50k-2016-440881,7H,5165807
JHI-Hv50k-2016-440885,7H,5165949
JHI-Hv50k-2016-440888,7H,5166174
JHI-Hv50k-2016-440902,7H,5167393
JHI-Hv50k-2016-440921,7H,5168409
JHI-Hv50k-2016-442440,7H,6804897
JHI-Hv50k-2016-443476,7H,8003056
JHI-Hv50k-2016-443481,7H,8010582
JHI-Hv50k-2016-443526,7H,8018959
JHI-Hv50k-2016-443609,7H,8220883
JHI-Hv50k-2016-444292,7H,8865519
JHI-Hv50k-2016-444808,7H,9413391
JHI-Hv50k-2016-444853,7H,9417288
JHI-Hv50k-2016-445179,7H,9690476
JHI-Hv50k-2016-445336,7H,9880616
JHI-Hv50k-2016-446009,7H,10427120
JHI-Hv50k-2016-446461,7H,10688463
JHI-Hv50k-2016-446917,7H,10941934
JHI-Hv50k-2016-447146,7H,11239672
JHI-Hv50k-2016-447324,7H,11354083
JHI-Hv50k-2016-447751,7H,12709217
JHI-Hv50k-2016-447752,7H,12709277
JHI-Hv50k-2016-448089,7H,12946282
JHI-Hv50k-2016-448891,7H,13541623
JHI-Hv50k-2016-449256,7H,13704453
JHI-Hv50k-2016-449990,7H,14985267
JHI-Hv50k-2016-450275,7H,15362958
JHI-Hv50k-2016-450765,7H,16413478
JHI-Hv50k-2016-451314,7H,16919874
JHI-Hv50k-2016-451988,7H,18713291
JHI-Hv50k-2016-452991,7H,23582473
JHI-Hv50k-2016-453012,7H,23714577
JHI-Hv50k-2016-453315,7H,24685362
JHI-Hv50k-2016-453316,7H,24685371
JHI-Hv50k-2016-453317,7H,24685425
JHI-Hv50k-2016-453326,7H,24685804
JHI-Hv50k-2016-453327,7H,24685856
JHI-Hv50k-2016-453335,7H,24686112
JHI-Hv50k-2016-453342,7H,24686542
JHI-Hv50k-2016-453425,7H,25003504
JHI-Hv50k-2016-453798,7H,25587987
JHI-Hv50k-2016-456555,7H,31241584
JHI-Hv50k-2016-456593,7H,31243396
JHI-Hv50k-2016-456942,7H,31370942
JHI-Hv50k-2016-456985,7H,31380616
JHI-Hv50k-2016-457721,7H,32798825
JHI-Hv50k-2016-457722,7H,32799319
JHI-Hv50k-2016-458084,7H,33042609
JHI-Hv50k-2016-458086,7H,33043428
JHI-Hv50k-2016-458411,7H,34432879
JHI-Hv50k-2016-458631,7H,34779698
JHI-Hv50k-2016-458777,7H,35128469
JHI-Hv50k-2016-461019,7H,44709907
JHI-Hv50k-2016-461174,7H,46117027
JHI-Hv50k-2016-461181,7H,46391818
JHI-Hv50k-2016-461244,7H,46838523
JHI-Hv50k-2016-461245,7H,46838574
JHI-Hv50k-2016-461261,7H,46842102
JHI-Hv50k-2016-461845,7H,49450910
JHI-Hv50k-2016-462290,7H,50107615
JHI-Hv50k-2016-462842,7H,50627840
JHI-Hv50k-2016-462950,7H,50933685
JHI-Hv50k-2016-462952,7H,50934056
JHI-Hv50k-2016-463259,7H,52113875
JHI-Hv50k-2016-463260,7H,52113946
JHI-Hv50k-2016-463273,7H,52114486
JHI-Hv50k-2016-463278,7H,52114759
JHI-Hv50k-2016-463303,7H,52117194
JHI-Hv50k-2016-463320,7H,52168557
JHI-Hv50k-2016-463337,7H,52283255
JHI-Hv50k-2016-463439,7H,52560071
JHI-Hv50k-2016-463470,7H,52614549
JHI-Hv50k-2016-463530,7H,52938361
JHI-Hv50k-2016-463534,7H,52938596
JHI-Hv50k-2016-463545,7H,52939303
JHI-Hv50k-2016-463548,7H,52939434
JHI-Hv50k-2016-463570,7H,53034168
JHI-Hv50k-2016-463595,7H,53444328
JHI-Hv50k-2016-463638,7H,53508425
JHI-Hv50k-2016-464216,7H,55136501
JHI-Hv50k-2016-464376,7H,55515204
JHI-Hv50k-2016-464377,7H,55515270
JHI-Hv50k-2016-464578,7H,56656041
JHI-Hv50k-2016-464826,7H,58106793
JHI-Hv50k-2016-464944,7H,58906885
JHI-Hv50k-2016-464958,7H,59141247
JHI-Hv50k-2016-464982,7H,59577079
JHI-Hv50k-2016-464984,7H,59577271
JHI-Hv50k-2016-465367,7H,61029905
JHI-Hv50k-2016-465406,7H,61032760
JHI-Hv50k-2016-465418,7H,61033348
JHI-Hv50k-2016-465421,7H,61033515
JHI-Hv50k-2016-465438,7H,61034316
JHI-Hv50k-2016-465498,7H,61261196
JHI-Hv50k-2016-466668,7H,64672518
JHI-Hv50k-2016-467042,7H,65972420
JHI-Hv50k-2016-467141,7H,66163391
JHI-Hv50k-2016-467279,7H,66603610
JHI-Hv50k-2016-468551,7H,72272931
JHI-Hv50k-2016-468564,7H,72602355
JHI-Hv50k-2016-468906,7H,75226781
JHI-Hv50k-2016-468975,7H,75747442
JHI-Hv50k-2016-469069,7H,77004837
JHI-Hv50k-2016-469092,7H,77334026
JHI-Hv50k-2016-470283,7H,84966717
JHI-Hv50k-2016-470398,7H,85708995
JHI-Hv50k-2016-470691,7H,87930425
JHI-Hv50k-2016-471439,7H,91014372
JHI-Hv50k-2016-471901,7H,93638286
JHI-Hv50k-2016-472207,7H,97148494
JHI-Hv50k-2016-472384,7H,97740526
JHI-Hv50k-2016-472770,7H,101613678
JHI-Hv50k-2016-472789,7H,101902669
JHI-Hv50k-2016-473172,7H,103920319
JHI-Hv50k-2016-473319,7H,110699627
JHI-Hv50k-2016-473439,7H,112030630
JHI-Hv50k-2016-474421,7H,122957872
JHI-Hv50k-2016-474577,7H,124236346
JHI-Hv50k-2016-474953,7H,142885172
JHI-Hv50k-2016-474991,7H,143696445
JHI-Hv50k-2016-475035,7H,143937800
JHI-Hv50k-2016-475313,7H,146580721
JHI-Hv50k-2016-475326,7H,146581769
JHI-Hv50k-2016-475459,7H,148548470
JHI-Hv50k-2016-475638,7H,164658594
JHI-Hv50k-2016-475700,7H,199119468
JHI-Hv50k-2016-475721,7H,220446214
JHI-Hv50k-2016-477141,7H,237946954
JHI-Hv50k-2016-477176,7H,238908476
JHI-Hv50k-2016-477211,7H,239262567
JHI-Hv50k-2016-477532,7H,244650840
JHI-Hv50k-2016-477622,7H,248225521
JHI-Hv50k-2016-477827,7H,253277111
JHI-Hv50k-2016-477881,7H,253679547
JHI-Hv50k-2016-477938,7H,254471045
JHI-Hv50k-2016-478027,7H,255553048
JHI-Hv50k-2016-478101,7H,256853060
JHI-Hv50k-2016-478140,7H,257144126
JHI-Hv50k-2016-478155,7H,257368304
JHI-Hv50k-2016-478260,7H,260103434
JHI-Hv50k-2016-478267,7H,260250578
JHI-Hv50k-2016-478318,7H,260961516
JHI-Hv50k-2016-478345,7H,261929580
JHI-Hv50k-2016-478366,7H,262180273
JHI-Hv50k-2016-478665,7H,269943809
JHI-Hv50k-2016-478689,7H,270643772
JHI-Hv50k-2016-478738,7H,271621819
JHI-Hv50k-2016-478809,7H,272670151
JHI-Hv50k-2016-478917,7H,275509077
JHI-Hv50k-2016-478948,7H,276089800
JHI-Hv50k-2016-479018,7H,277632918
JHI-Hv50k-2016-479116,7H,279607110
JHI-Hv50k-2016-479151,7H,279877754
JHI-Hv50k-2016-479209,7H,281710244
JHI-Hv50k-2016-479239,7H,282788534
JHI-Hv50k-2016-479383,7H,285754385
JHI-Hv50k-2016-479447,7H,287402543
JHI-Hv50k-2016-479451,7H,287403606
JHI-Hv50k-2016-479518,7H,289647982
JHI-Hv50k-2016-479753,7H,293840712
JHI-Hv50k-2016-479756,7H,293921947
JHI-Hv50k-2016-479763,7H,293922570
JHI-Hv50k-2016-479764,7H,293922670
JHI-Hv50k-2016-479943,7H,297408185
JHI-Hv50k-2016-480015,7H,298437563
JHI-Hv50k-2016-480045,7H,299532966
JHI-Hv50k-2016-480103,7H,301830374
JHI-Hv50k-2016-480145,7H,303145039
JHI-Hv50k-2016-480176,7H,304808992
JHI-Hv50k-2016-480546,7H,314057938
JHI-Hv50k-2016-480557,7H,314188643
JHI-Hv50k-2016-480684,7H,316075761
JHI-Hv50k-2016-480771,7H,316889930
JHI-Hv50k-2016-480814,7H,317714160
JHI-Hv50k-2016-480841,7H,318788696
JHI-Hv50k-2016-480848,7H,318884521
JHI-Hv50k-2016-480850,7H,318884629
JHI-Hv50k-2016-480868,7H,319957128
JHI-Hv50k-2016-480876,7H,319958027
JHI-Hv50k-2016-480947,7H,321397903
JHI-Hv50k-2016-480963,7H,321609799
JHI-Hv50k-2016-481258,7H,325104937
JHI-Hv50k-2016-481438,7H,329304337
JHI-Hv50k-2016-481538,7H,333366167
JHI-Hv50k-2016-481738,7H,338540012
JHI-Hv50k-2016-481749,7H,338763694
JHI-Hv50k-2016-481919,7H,342377621
JHI-Hv50k-2016-481987,7H,343940054
JHI-Hv50k-2016-482051,7H,345108066
JHI-Hv50k-2016-482275,7H,351084486
JHI-Hv50k-2016-482497,7H,357463060
JHI-Hv50k-2016-482651,7H,362141383
JHI-Hv50k-2016-482662,7H,362143948
JHI-Hv50k-2016-482706,7H,362899946
JHI-Hv50k-2016-482729,7H,362905285
JHI-Hv50k-2016-482868,7H,364417601
JHI-Hv50k-2016-482917,7H,367046115
JHI-Hv50k-2016-483004,7H,368916425
JHI-Hv50k-2016-483031,7H,370818549
JHI-Hv50k-2016-483131,7H,374349520
JHI-Hv50k-2016-483191,7H,376923805
JHI-Hv50k-2016-483272,7H,381188072
JHI-Hv50k-2016-483370,7H,388550604
JHI-Hv50k-2016-483433,7H,394448128
JHI-Hv50k-2016-483434,7H,394448182
JHI-Hv50k-2016-483566,7H,399072499
JHI-Hv50k-2016-486462,7H,443574291
JHI-Hv50k-2016-486996,7H,451401820
JHI-Hv50k-2016-487043,7H,451643826
JHI-Hv50k-2016-487045,7H,451644002
JHI-Hv50k-2016-487046,7H,451644155
JHI-Hv50k-2016-487074,7H,452274133
JHI-Hv50k-2016-487232,7H,454909762
JHI-Hv50k-2016-487408,7H,461023389
JHI-Hv50k-2016-487430,7H,470854440
JHI-Hv50k-2016-487584,7H,489931384
JHI-Hv50k-2016-487990,7H,495456333
JHI-Hv50k-2016-488517,7H,500424862
JHI-Hv50k-2016-488571,7H,501750713
JHI-Hv50k-2016-488583,7H,502000028
JHI-Hv50k-2016-488697,7H,505060100
JHI-Hv50k-2016-488746,7H,505810321
JHI-Hv50k-2016-488809,7H,507344852
JHI-Hv50k-2016-488873,7H,508955412
JHI-Hv50k-2016-488887,7H,509148378
JHI-Hv50k-2016-488898,7H,509320135
JHI-Hv50k-2016-489616,7H,518621212
JHI-Hv50k-2016-489642,7H,518783609
JHI-Hv50k-2016-489668,7H,518842485
JHI-Hv50k-2016-489795,7H,520200578
JHI-Hv50k-2016-489798,7H,520200713
JHI-Hv50k-2016-489799,7H,520201204
JHI-Hv50k-2016-491261,7H,538828953
JHI-Hv50k-2016-491296,7H,539747608
JHI-Hv50k-2016-491719,7H,572947028
JHI-Hv50k-2016-492407,7H,582606588
JHI-Hv50k-2016-493718,7H,593829168
JHI-Hv50k-2016-494034,7H,597897885
JHI-Hv50k-2016-494035,7H,597897990
JHI-Hv50k-2016-494038,7H,597898194
JHI-Hv50k-2016-494044,7H,597899780
JHI-Hv50k-2016-494046,7H,597901026
JHI-Hv50k-2016-494128,7H,598675964
JHI-Hv50k-2016-494520,7H,599466378
JHI-Hv50k-2016-494676,7H,600032722
JHI-Hv50k-2016-494920,7H,600505553
JHI-Hv50k-2016-494939,7H,600533399
JHI-Hv50k-2016-494945,7H,600533768
JHI-Hv50k-2016-495170,7H,600890036
JHI-Hv50k-2016-495431,7H,602203052
JHI-Hv50k-2016-495457,7H,602206678
JHI-Hv50k-2016-495461,7H,602206815
JHI-Hv50k-2016-495463,7H,602207079
JHI-Hv50k-2016-495494,7H,602210916
JHI-Hv50k-2016-495566,7H,602364975
JHI-Hv50k-2016-495619,7H,602632365
JHI-Hv50k-2016-495631,7H,602633480
JHI-Hv50k-2016-495677,7H,602678956
JHI-Hv50k-2016-495926,7H,603448931
JHI-Hv50k-2016-496332,7H,604483681
JHI-Hv50k-2016-496334,7H,604483774
JHI-Hv50k-2016-496718,7H,604865131
JHI-Hv50k-2016-496720,7H,604865242
JHI-Hv50k-2016-496797,7H,604867118
JHI-Hv50k-2016-496838,7H,604868451
JHI-Hv50k-2016-497396,7H,607943785
JHI-Hv50k-2016-497567,7H,608808550
JHI-Hv50k-2016-497612,7H,608827493
JHI-Hv50k-2016-497775,7H,609661911
JHI-Hv50k-2016-498283,7H,611187127
JHI-Hv50k-2016-498292,7H,611187812
JHI-Hv50k-2016-498294,7H,611187929
JHI-Hv50k-2016-498295,7H,611187980
JHI-Hv50k-2016-498401,7H,611307723
JHI-Hv50k-2016-498541,7H,611709396
JHI-Hv50k-2016-498663,7H,612125836
JHI-Hv50k-2016-498668,7H,612214072
JHI-Hv50k-2016-498669,7H,612214119
JHI-Hv50k-2016-498676,7H,612215023
JHI-Hv50k-2016-498687,7H,612512628
JHI-Hv50k-2016-498689,7H,612512897
JHI-Hv50k-2016-498701,7H,612517870
JHI-Hv50k-2016-498707,7H,612518446
JHI-Hv50k-2016-498710,7H,612518739
JHI-Hv50k-2016-498714,7H,612519142
JHI-Hv50k-2016-498715,7H,612519193
JHI-Hv50k-2016-498725,7H,612520031
JHI-Hv50k-2016-498749,7H,612589074
JHI-Hv50k-2016-498774,7H,612651433
JHI-Hv50k-2016-498817,7H,613142876
JHI-Hv50k-2016-498851,7H,613422486
JHI-Hv50k-2016-498891,7H,613562377
JHI-Hv50k-2016-499116,7H,614230860
JHI-Hv50k-2016-499118,7H,614230984
JHI-Hv50k-2016-499413,7H,614823922
JHI-Hv50k-2016-499461,7H,615019753
JHI-Hv50k-2016-499468,7H,615019925
JHI-Hv50k-2016-499768,7H,616410930
JHI-Hv50k-2016-500018,7H,616907083
JHI-Hv50k-2016-500031,7H,616908865
JHI-Hv50k-2016-500064,7H,616912894
JHI-Hv50k-2016-500552,7H,617806432
JHI-Hv50k-2016-501040,7H,619698502
JHI-Hv50k-2016-501144,7H,620000493
JHI-Hv50k-2016-501212,7H,620310573
JHI-Hv50k-2016-501215,7H,620311026
JHI-Hv50k-2016-501263,7H,620325941
JHI-Hv50k-2016-501287,7H,620327456
JHI-Hv50k-2016-501430,7H,620864343
JHI-Hv50k-2016-501571,7H,621635177
JHI-Hv50k-2016-501724,7H,622016127
JHI-Hv50k-2016-501767,7H,622219064
JHI-Hv50k-2016-501781,7H,622249778
JHI-Hv50k-2016-502003,7H,622858293
JHI-Hv50k-2016-502179,7H,623130258
JHI-Hv50k-2016-503249,7H,623952855
JHI-Hv50k-2016-503319,7H,624137785
JHI-Hv50k-2016-503425,7H,624290181
JHI-Hv50k-2016-503428,7H,624290318
JHI-Hv50k-2016-503433,7H,624290827
JHI-Hv50k-2016-503618,7H,624790860
JHI-Hv50k-2016-503621,7H,624797618
JHI-Hv50k-2016-504257,7H,625963194
JHI-Hv50k-2016-504261,7H,625963433
JHI-Hv50k-2016-505095,7H,627314489
JHI-Hv50k-2016-506369,7H,629888764
JHI-Hv50k-2016-506674,7H,631503373
JHI-Hv50k-2016-506681,7H,631504596
JHI-Hv50k-2016-506682,7H,631504805
JHI-Hv50k-2016-507320,7H,633238131
JHI-Hv50k-2016-507349,7H,633239253
JHI-Hv50k-2016-509417,7H,637871047
JHI-Hv50k-2016-509438,7H,638048883
JHI-Hv50k-2016-509453,7H,638049663
JHI-Hv50k-2016-509454,7H,638049665
JHI-Hv50k-2016-509490,7H,638050948
JHI-Hv50k-2016-509791,7H,638449604
JHI-Hv50k-2016-509793,7H,638450000
JHI-Hv50k-2016-509794,7H,638450014
JHI-Hv50k-2016-509829,7H,638452648
JHI-Hv50k-2016-509843,7H,638453743
JHI-Hv50k-2016-509869,7H,638456804
JHI-Hv50k-2016-510759,7H,639323737
JHI-Hv50k-2016-510990,7H,639840592
JHI-Hv50k-2016-511004,7H,639921834
JHI-Hv50k-2016-511767,7H,641078054
JHI-Hv50k-2016-511923,7H,641173348
JHI-Hv50k-2016-511926,7H,641173557
JHI-Hv50k-2016-512541,7H,642080237
JHI-Hv50k-2016-512560,7H,642082207
JHI-Hv50k-2016-512623,7H,642218587
JHI-Hv50k-2016-512801,7H,642424843
JHI-Hv50k-2016-512845,7H,642475444
JHI-Hv50k-2016-513101,7H,642671008
JHI-Hv50k-2016-513459,7H,644484006
JHI-Hv50k-2016-513498,7H,644608000
JHI-Hv50k-2016-513501,7H,644608283
JHI-Hv50k-2016-513535,7H,644637572
JHI-Hv50k-2016-513701,7H,644916762
JHI-Hv50k-2016-513729,7H,644922442
JHI-Hv50k-2016-515005,7H,647072573
JHI-Hv50k-2016-517034,7H,650671123
JHI-Hv50k-2016-518089,7H,653256710
JHI-Hv50k-2016-518416,7H,654029707
JHI-Hv50k-2016-518465,7H,654086944
JHI-Hv50k-2016-518669,7H,654170650
JHI-Hv50k-2016-518726,7H,654385866
JHI-Hv50k-2016-518794,7H,654417039
JHI-Hv50k-2016-518799,7H,654419217
JHI-Hv50k-2016-518814,7H,654582818
M_E_1,XH,1000
M_E_2,XH,1000
M_E_3,XH,1000
M_E_4,XH,1000
M_E_5,XH,1000
M_E_6,XH,1000
M_E_7,XH,1000
M_E_8,XH,1000
M_E_9,XH,1000
M_E_10,XH,1000
M_E_11,XH,1000
M_E_12,XH,1000
M_E_13,XH,1000
M_E_14,XH,1000
M_E_15,XH,1000
M_E_16,XH,1000
M_E_17,XH,1000
M_E_18,XH,1000
M_E_19,XH,1000
M_E_20,XH,1000
M_E_21,XH,1000
M_E_22,XH,1000
M_E_23,XH,1000
M_E_24,XH,1000
M_E_25,XH,1000
M_E_26,XH,1000
M_E_27,XH,1000
M_E_28,XH,1000
M_E_29,XH,1000
M_E_30,XH,1000
M_E_31,XH,1000
M_E_32,XH,1000
M_E_33,XH,1000
M_E_34,XH,1000
M_E_35,XH,1000
M_E_36,XH,1000
M_E_37,XH,1000
M_E_38,XH,1000
M_E_39,XH,1000
M_E_40,XH,1000
M_E_41,XH,1000
M_E_42,XH,1000
M_E_43,XH,1000
M_E_44,XH,1000
M_E_45,XH,1000
M_E_46,XH,1000
M_E_47,XH,1000
M_E_48,XH,1000
M_E_49,XH,1000
M_E_50,XH,1000
M_E_51,XH,1000
M_E_52,XH,1000
M_E_53,XH,1000
M_E_54,XH,1000
M_E_55,XH,1000
M_E_56,XH,1000
M_E_57,XH,1000
M_E_58,XH,1000
M_E_59,XH,1000
M_E_60,XH,1000
M_E_61,XH,1000
M_E_62,XH,1000
M_E_63,XH,1000
M_E_64,XH,1000
M_E_65,XH,1000
M_E_66,XH,1000
M_E_67,XH,1000
M_E_68,XH,1000
M_E_69,XH,1000
M_E_70,XH,1000
M_E_71,XH,1000
M_E_72,XH,1000
M_E_73,XH,1000
M_E_74,XH,1000
M_E_75,XH,1000
M_E_76,XH,1000
M_E_77,XH,1000
M_E_78,XH,1000
M_E_79,XH,1000
M_E_80,XH,1000
M_E_81,XH,1000
M_E_82,XH,1000
M_E_83,XH,1000
M_E_84,XH,1000
M_E_85,XH,1000
M_E_86,XH,1000
M_E_87,XH,1000
M_E_88,XH,1000
M_E_89,XH,1000
M_E_90,XH,1000
M_E_91,XH,1000
M_E_92,XH,1000
M_E_93,XH,1000
M_E_94,XH,1000
M_E_95,XH,1000
M_E_96,XH,1000
M_E_97,XH,1000
M_E_98,XH,1000
M_E_99,XH,1000
M_E_100,XH,1000
M_E_101,XH,1000
M_E_102,XH,1000
M_E_103,XH,1000
M_E_104,XH,1000
M_E_105,XH,1000
M_E_106,XH,1000
M_E_107,XH,1000
M_E_108,XH,1000
M_E_109,XH,1000
M_E_110,XH,1000
M_E_111,XH,1000
M_E_112,XH,1000
M_E_113,XH,1000
M_E_114,XH,1000
M_E_115,XH,1000
M_E_116,XH,1000
M_E_117,XH,1000
M_E_118,XH,1000
M_E_119,XH,1000
M_E_120,XH,1000
M_E_121,XH,1000
M_E_122,XH,1000
M_E_123,XH,1000
M_E_124,XH,1000
M_E_125,XH,1000
M_E_126,XH,1000
M_E_127,XH,1000
M_E_128,XH,1000
M_E_129,XH,1000
M_E_130,XH,1000
M_E_131,XH,1000
M_E_132,XH,1000
M_E_133,XH,1000
M_E_134,XH,1000
M_E_135,XH,1000
M_E_136,XH,1000
M_E_137,XH,1000
M_E_138,XH,1000
M_E_139,XH,1000
M_E_140,XH,1000
M_E_141,XH,1000
M_E_142,XH,1000
M_E_143,XH,1000
M_E_144,XH,1000
M_E_145,XH,1000
M_E_146,XH,1000
M_E_147,XH,1000
M_E_148,XH,1000
