marker,chr,pos
JHI_Hv50k_2016_4260,1,3881482
JHI_Hv50k_2016_4712,1,4228415
JHI_Hv50k_2016_4713,1,4228430
JHI_Hv50k_2016_5180,1,4399874
JHI_Hv50k_2016_6092,1,5141410
JHI_Hv50k_2016_6373,1,5234019
JHI_Hv50k_2016_6438,1,5277391
JHI_Hv50k_2016_7423,1,6348964
JHI_Hv50k_2016_7618,1,6573692
JHI_Hv50k_2016_7619,1,6573793
JHI_Hv50k_2016_8609,1,8163219
JHI_Hv50k_2016_8710,1,8337195
JHI_Hv50k_2016_10580,1,11023918
JHI_Hv50k_2016_10642,1,11164784
JHI_Hv50k_2016_11910,1,12527946
JHI_Hv50k_2016_11911,1,12528003
JHI_Hv50k_2016_11980,1,12953278
JHI_Hv50k_2016_12853,1,13603276
JHI_Hv50k_2016_13067,1,14194017
JHI_Hv50k_2016_13582,1,16061686
JHI_Hv50k_2016_14418,1,17583101
JHI_Hv50k_2016_14760,1,18461522
JHI_Hv50k_2016_15051,1,18778066
JHI_Hv50k_2016_15068,1,18779328
JHI_Hv50k_2016_15127,1,18795528
JHI_Hv50k_2016_15129,1,18796076
JHI_Hv50k_2016_15134,1,18802688
JHI_Hv50k_2016_15183,1,18846135
JHI_Hv50k_2016_15198,1,18846972
JHI_Hv50k_2016_15222,1,18905888
JHI_Hv50k_2016_15254,1,18909620
JHI_Hv50k_2016_15322,1,19463622
JHI_Hv50k_2016_15324,1,19466847
JHI_Hv50k_2016_15327,1,19468893
JHI_Hv50k_2016_15348,1,19673383
JHI_Hv50k_2016_15410,1,19953793
JHI_Hv50k_2016_15633,1,20349530
JHI_Hv50k_2016_15963,1,21796326
JHI_Hv50k_2016_16067,1,22067727
JHI_Hv50k_2016_16495,1,23940651
JHI_Hv50k_2016_16499,1,23941245
JHI_Hv50k_2016_16505,1,23942808
JHI_Hv50k_2016_16506,1,23943241
JHI_Hv50k_2016_16514,1,23944212
JHI_Hv50k_2016_16516,1,23944465
JHI_Hv50k_2016_16517,1,23944546
JHI_Hv50k_2016_16518,1,23944568
JHI_Hv50k_2016_16526,1,23947099
JHI_Hv50k_2016_16527,1,23947107
JHI_Hv50k_2016_16542,1,23948424
JHI_Hv50k_2016_16559,1,24024792
JHI_Hv50k_2016_16601,1,24039540
JHI_Hv50k_2016_16604,1,24041841
JHI_Hv50k_2016_17893,1,35726810
JHI_Hv50k_2016_18189,1,37318958
JHI_Hv50k_2016_18338,1,38537270
JHI_Hv50k_2016_18373,1,38710671
JHI_Hv50k_2016_18382,1,38769152
JHI_Hv50k_2016_18385,1,38812600
JHI_Hv50k_2016_18386,1,38812884
JHI_Hv50k_2016_20858,1,170386012
JHI_Hv50k_2016_23594,1,327496625
JHI_Hv50k_2016_23694,1,328627716
JHI_Hv50k_2016_26496,1,361650840
JHI_Hv50k_2016_29422,1,408788664
JHI_Hv50k_2016_30997,1,420577286
JHI_Hv50k_2016_37481,1,479077672
JHI_Hv50k_2016_37484,1,479078261
JHI_Hv50k_2016_38080,1,495205088
JHI_Hv50k_2016_38105,1,495889399
JHI_Hv50k_2016_38165,1,496275190
JHI_Hv50k_2016_38167,1,496275530
JHI_Hv50k_2016_38196,1,496438579
JHI_Hv50k_2016_38230,1,496445828
JHI_Hv50k_2016_38306,1,496932726
JHI_Hv50k_2016_38307,1,496932777
JHI_Hv50k_2016_38350,1,497208876
JHI_Hv50k_2016_38514,1,498204710
JHI_Hv50k_2016_38897,1,501002652
JHI_Hv50k_2016_38903,1,501010068
JHI_Hv50k_2016_38905,1,501010158
JHI_Hv50k_2016_38928,1,501112327
JHI_Hv50k_2016_38935,1,501113016
JHI_Hv50k_2016_39082,1,503268861
JHI_Hv50k_2016_39410,1,503854616
JHI_Hv50k_2016_39438,1,504071938
JHI_Hv50k_2016_39666,1,504916893
JHI_Hv50k_2016_39669,1,504917156
JHI_Hv50k_2016_39689,1,504929682
JHI_Hv50k_2016_39949,1,506756114
JHI_Hv50k_2016_40035,1,507584008
JHI_Hv50k_2016_40820,1,509308460
JHI_Hv50k_2016_40920,1,509523768
JHI_Hv50k_2016_41402,1,511066845
JHI_Hv50k_2016_41455,1,511078607
JHI_Hv50k_2016_41684,1,511568434
JHI_Hv50k_2016_42086,1,513077386
JHI_Hv50k_2016_42419,1,513631461
JHI_Hv50k_2016_42425,1,513631794
JHI_Hv50k_2016_42564,1,514147328
JHI_Hv50k_2016_42633,1,514395012
JHI_Hv50k_2016_42730,1,514693295
JHI_Hv50k_2016_42947,1,515500580
JHI_Hv50k_2016_43075,1,515901017
JHI_Hv50k_2016_43206,1,516132372
JHI_Hv50k_2016_44962,1,519754766
JHI_Hv50k_2016_45000,1,519770075
JHI_Hv50k_2016_47291,1,526214532
JHI_Hv50k_2016_47319,1,526369678
JHI_Hv50k_2016_47338,1,526485875
JHI_Hv50k_2016_47604,1,527101699
JHI_Hv50k_2016_48279,1,528532202
JHI_Hv50k_2016_48499,1,529192838
JHI_Hv50k_2016_48500,1,529192841
JHI_Hv50k_2016_48564,1,529578537
JHI_Hv50k_2016_48693,1,529733898
JHI_Hv50k_2016_48870,1,530071144
JHI_Hv50k_2016_49647,1,533825333
JHI_Hv50k_2016_49930,1,534540156
JHI_Hv50k_2016_50111,1,534801830
JHI_Hv50k_2016_50280,1,536102519
JHI_Hv50k_2016_50304,1,536108741
JHI_Hv50k_2016_50954,1,537067636
JHI_Hv50k_2016_51019,1,537116801
JHI_Hv50k_2016_51025,1,537119089
JHI_Hv50k_2016_51027,1,537119245
JHI_Hv50k_2016_51452,1,538416630
JHI_Hv50k_2016_51945,1,539092847
JHI_Hv50k_2016_51979,1,539107036
JHI_Hv50k_2016_52253,1,540571558
JHI_Hv50k_2016_52321,1,540715837
JHI_Hv50k_2016_53255,1,544040292
JHI_Hv50k_2016_53290,1,544081204
JHI_Hv50k_2016_53916,1,547223388
JHI_Hv50k_2016_53930,1,547238351
JHI_Hv50k_2016_54979,1,549860989
JHI_Hv50k_2016_55006,1,550179166
JHI_Hv50k_2016_55106,1,550276732
JHI_Hv50k_2016_55169,1,550320014
JHI_Hv50k_2016_55187,1,550385122
JHI_Hv50k_2016_55371,1,550797775
JHI_Hv50k_2016_55395,1,550804619
JHI_Hv50k_2016_55454,1,551198989
JHI_Hv50k_2016_55455,1,551199001
JHI_Hv50k_2016_55854,1,552391099
JHI_Hv50k_2016_56112,1,553850459
JHI_Hv50k_2016_56239,1,553960187
JHI_Hv50k_2016_56366,1,554112638
JHI_Hv50k_2016_56387,1,554114322
JHI_Hv50k_2016_56440,1,554265040
JHI_Hv50k_2016_56496,1,554371645
JHI_Hv50k_2016_56556,1,554453226
JHI_Hv50k_2016_56558,1,554453297
JHI_Hv50k_2016_56727,1,554613399
JHI_Hv50k_2016_56738,1,554615436
JHI_Hv50k_2016_56745,1,554640589
JHI_Hv50k_2016_56768,1,554709498
JHI_Hv50k_2016_56771,1,554709570
JHI_Hv50k_2016_57940,1,557543376
JHI_Hv50k_2016_58046,1,557839830
JHI_Hv50k_2016_58775,2,712126
JHI_Hv50k_2016_58810,2,785623
JHI_Hv50k_2016_58991,2,840275
JHI_Hv50k_2016_59425,2,1265556
JHI_Hv50k_2016_59917,2,2147037
JHI_Hv50k_2016_61642,2,4549372
JHI_Hv50k_2016_62472,2,6755738
JHI_Hv50k_2016_62596,2,7046402
JHI_Hv50k_2016_62805,2,7353770
JHI_Hv50k_2016_63361,2,8994156
JHI_Hv50k_2016_63868,2,9612335
JHI_Hv50k_2016_63893,2,9641490
JHI_Hv50k_2016_64055,2,10031266
JHI_Hv50k_2016_64086,2,10053727
JHI_Hv50k_2016_64130,2,10362006
JHI_Hv50k_2016_64146,2,10499572
JHI_Hv50k_2016_64149,2,10502542
JHI_Hv50k_2016_64151,2,10503277
JHI_Hv50k_2016_64712,2,11396778
JHI_Hv50k_2016_65319,2,12352887
JHI_Hv50k_2016_65426,2,12775204
JHI_Hv50k_2016_65610,2,13005109
JHI_Hv50k_2016_66022,2,13242457
JHI_Hv50k_2016_66556,2,13863264
JHI_Hv50k_2016_66623,2,14054375
JHI_Hv50k_2016_67378,2,14975225
JHI_Hv50k_2016_67550,2,15418766
JHI_Hv50k_2016_67559,2,15423941
JHI_Hv50k_2016_67587,2,15455506
JHI_Hv50k_2016_67588,2,15455848
JHI_Hv50k_2016_67600,2,15507257
JHI_Hv50k_2016_67614,2,15507981
JHI_Hv50k_2016_67661,2,15512302
JHI_Hv50k_2016_67767,2,16098998
JHI_Hv50k_2016_67810,2,16134480
JHI_Hv50k_2016_67865,2,16382891
JHI_Hv50k_2016_68449,2,17258669
JHI_Hv50k_2016_68595,2,17790711
JHI_Hv50k_2016_68718,2,18295385
JHI_Hv50k_2016_68721,2,18295626
JHI_Hv50k_2016_68729,2,18296352
JHI_Hv50k_2016_68731,2,18296482
JHI_Hv50k_2016_68732,2,18296671
JHI_Hv50k_2016_68734,2,18296744
JHI_Hv50k_2016_70553,2,21397795
JHI_Hv50k_2016_71113,2,22594905
JHI_Hv50k_2016_71369,2,23118443
JHI_Hv50k_2016_71931,2,24793183
JHI_Hv50k_2016_71932,2,24793221
JHI_Hv50k_2016_72315,2,26047486
JHI_Hv50k_2016_72497,2,26301027
JHI_Hv50k_2016_72504,2,26301308
JHI_Hv50k_2016_72530,2,26302864
JHI_Hv50k_2016_72545,2,26303593
JHI_Hv50k_2016_72622,2,26589875
JHI_Hv50k_2016_72947,2,27512682
JHI_Hv50k_2016_73075,2,28453941
JHI_Hv50k_2016_73085,2,28455236
JHI_Hv50k_2016_73118,2,28612330
JHI_Hv50k_2016_73247,2,28720194
JHI_Hv50k_2016_73300,2,28769684
JHI_Hv50k_2016_73663,2,29624393
JHI_Hv50k_2016_73690,2,29669273
JHI_Hv50k_2016_73692,2,29669449
JHI_Hv50k_2016_73693,2,29669511
JHI_Hv50k_2016_73694,2,29669609
JHI_Hv50k_2016_73695,2,29669713
JHI_Hv50k_2016_73930,2,30188409
JHI_Hv50k_2016_73933,2,30188713
JHI_Hv50k_2016_73950,2,30195312
JHI_Hv50k_2016_73951,2,30195319
JHI_Hv50k_2016_74781,2,33210227
JHI_Hv50k_2016_74875,2,33900600
JHI_Hv50k_2016_75477,2,37029751
JHI_Hv50k_2016_75478,2,37030503
JHI_Hv50k_2016_75490,2,37204390
JHI_Hv50k_2016_77334,2,45847354
JHI_Hv50k_2016_77388,2,46147954
JHI_Hv50k_2016_77491,2,47287201
JHI_Hv50k_2016_77522,2,47445865
JHI_Hv50k_2016_77560,2,47632471
JHI_Hv50k_2016_77576,2,47911357
JHI_Hv50k_2016_77586,2,47922400
JHI_Hv50k_2016_77590,2,47922958
JHI_Hv50k_2016_77597,2,47923427
JHI_Hv50k_2016_77598,2,47923510
JHI_Hv50k_2016_77599,2,47923572
JHI_Hv50k_2016_77601,2,47923699
JHI_Hv50k_2016_77603,2,47923897
JHI_Hv50k_2016_77604,2,47924033
JHI_Hv50k_2016_77605,2,47924286
JHI_Hv50k_2016_77638,2,48171823
JHI_Hv50k_2016_77721,2,48825356
JHI_Hv50k_2016_77724,2,48825676
JHI_Hv50k_2016_77945,2,50345161
JHI_Hv50k_2016_78532,2,52372976
JHI_Hv50k_2016_78625,2,52892315
JHI_Hv50k_2016_78626,2,52892370
JHI_Hv50k_2016_78631,2,52892628
JHI_Hv50k_2016_78636,2,52892919
JHI_Hv50k_2016_78688,2,52916359
JHI_Hv50k_2016_78780,2,53385672
JHI_Hv50k_2016_78831,2,53704078
JHI_Hv50k_2016_79374,2,57310701
JHI_Hv50k_2016_79404,2,57647943
JHI_Hv50k_2016_79451,2,58262021
JHI_Hv50k_2016_80094,2,61663939
JHI_Hv50k_2016_80097,2,61664455
JHI_Hv50k_2016_90688,2,194262348
JHI_Hv50k_2016_90788,2,196202069
JHI_Hv50k_2016_90896,2,199075376
JHI_Hv50k_2016_91125,2,211507009
JHI_Hv50k_2016_91157,2,217011325
JHI_Hv50k_2016_91167,2,217964580
JHI_Hv50k_2016_91245,2,227772803
JHI_Hv50k_2016_91257,2,230223454
JHI_Hv50k_2016_91754,2,246228012
JHI_Hv50k_2016_91961,2,260313080
JHI_Hv50k_2016_92202,2,309655073
JHI_Hv50k_2016_92209,2,310719868
JHI_Hv50k_2016_92462,2,361827140
JHI_Hv50k_2016_92623,2,397023842
JHI_Hv50k_2016_93106,2,431056420
JHI_Hv50k_2016_93366,2,440645568
JHI_Hv50k_2016_96944,2,536684196
JHI_Hv50k_2016_97025,2,537377008
JHI_Hv50k_2016_97836,2,544037471
JHI_Hv50k_2016_98582,2,554232139
JHI_Hv50k_2016_99004,2,573154740
JHI_Hv50k_2016_99229,2,579684878
JHI_Hv50k_2016_100214,2,605855149
JHI_Hv50k_2016_101226,2,614343724
JHI_Hv50k_2016_102159,2,620289705
JHI_Hv50k_2016_102275,2,620805246
JHI_Hv50k_2016_102625,2,621473170
JHI_Hv50k_2016_102626,2,621473214
JHI_Hv50k_2016_102627,2,621473271
JHI_Hv50k_2016_102844,2,623454882
JHI_Hv50k_2016_102850,2,623455861
JHI_Hv50k_2016_102943,2,624536995
JHI_Hv50k_2016_103868,2,633763055
JHI_Hv50k_2016_103929,2,634172654
JHI_Hv50k_2016_103938,2,634263630
JHI_Hv50k_2016_104058,2,635741132
JHI_Hv50k_2016_104059,2,635741183
JHI_Hv50k_2016_104497,2,638563625
JHI_Hv50k_2016_104508,2,638564394
JHI_Hv50k_2016_104509,2,638564534
JHI_Hv50k_2016_104510,2,638564592
JHI_Hv50k_2016_104514,2,638564779
JHI_Hv50k_2016_104565,2,638636071
JHI_Hv50k_2016_104602,2,638663320
JHI_Hv50k_2016_104651,2,638687955
JHI_Hv50k_2016_105079,2,640339929
JHI_Hv50k_2016_105262,2,641447774
JHI_Hv50k_2016_105548,2,643612063
JHI_Hv50k_2016_106035,2,645283086
JHI_Hv50k_2016_106037,2,645283484
JHI_Hv50k_2016_106572,2,648066627
JHI_Hv50k_2016_106758,2,648546315
JHI_Hv50k_2016_106848,2,649523502
JHI_Hv50k_2016_108204,2,655349005
JHI_Hv50k_2016_108250,2,655481375
JHI_Hv50k_2016_110245,2,674780049
JHI_Hv50k_2016_110449,2,676195259
JHI_Hv50k_2016_110485,2,676346903
JHI_Hv50k_2016_110636,2,676986085
JHI_Hv50k_2016_111266,2,678894131
JHI_Hv50k_2016_111319,2,679384981
JHI_Hv50k_2016_111369,2,679441267
JHI_Hv50k_2016_111501,2,679708239
JHI_Hv50k_2016_111502,2,679708586
JHI_Hv50k_2016_112299,2,682668728
JHI_Hv50k_2016_112415,2,682770710
JHI_Hv50k_2016_113836,2,687977106
JHI_Hv50k_2016_113929,2,688059675
JHI_Hv50k_2016_114026,2,688299732
JHI_Hv50k_2016_114249,2,688789190
JHI_Hv50k_2016_114253,2,688835842
JHI_Hv50k_2016_114255,2,688838367
JHI_Hv50k_2016_114264,2,688981587
JHI_Hv50k_2016_114491,2,689744512
JHI_Hv50k_2016_114548,2,690572873
JHI_Hv50k_2016_114549,2,690573762
JHI_Hv50k_2016_114619,2,690973624
JHI_Hv50k_2016_114706,2,691312072
JHI_Hv50k_2016_114849,2,691528008
JHI_Hv50k_2016_114865,2,691691423
JHI_Hv50k_2016_114940,2,691945981
JHI_Hv50k_2016_114948,2,691987104
JHI_Hv50k_2016_114951,2,691987736
JHI_Hv50k_2016_114953,2,691988019
JHI_Hv50k_2016_114965,2,691997405
JHI_Hv50k_2016_115064,2,692089850
JHI_Hv50k_2016_115080,2,692337947
JHI_Hv50k_2016_115107,2,692407193
JHI_Hv50k_2016_115110,2,692407406
JHI_Hv50k_2016_115147,2,692437563
JHI_Hv50k_2016_115163,2,692438251
JHI_Hv50k_2016_115172,2,692450921
JHI_Hv50k_2016_115174,2,692451786
JHI_Hv50k_2016_115240,2,692671797
JHI_Hv50k_2016_115245,2,692671915
JHI_Hv50k_2016_115255,2,692672874
JHI_Hv50k_2016_115312,2,693000265
JHI_Hv50k_2016_115389,2,693183239
JHI_Hv50k_2016_115563,2,693846299
JHI_Hv50k_2016_115564,2,693846332
JHI_Hv50k_2016_115666,2,693940946
JHI_Hv50k_2016_115671,2,693941239
JHI_Hv50k_2016_115889,2,694597369
JHI_Hv50k_2016_115933,2,694692604
JHI_Hv50k_2016_115953,2,694789415
JHI_Hv50k_2016_116068,2,695090057
JHI_Hv50k_2016_116385,2,695915927
JHI_Hv50k_2016_116466,2,696239880
JHI_Hv50k_2016_116577,2,696377440
JHI_Hv50k_2016_116579,2,696377672
JHI_Hv50k_2016_116581,2,696377994
JHI_Hv50k_2016_116742,2,696714683
JHI_Hv50k_2016_116864,2,696900099
JHI_Hv50k_2016_116867,2,696900444
JHI_Hv50k_2016_116907,2,696906338
JHI_Hv50k_2016_116922,2,696919616
JHI_Hv50k_2016_117081,2,698149037
JHI_Hv50k_2016_117198,2,698617643
JHI_Hv50k_2016_117333,2,698915052
JHI_Hv50k_2016_117361,2,699045973
JHI_Hv50k_2016_117509,2,699438113
JHI_Hv50k_2016_117510,2,699438244
JHI_Hv50k_2016_117516,2,699438832
JHI_Hv50k_2016_118494,2,702230699
JHI_Hv50k_2016_118583,2,702544709
JHI_Hv50k_2016_119113,2,704363557
JHI_Hv50k_2016_119116,2,704365148
JHI_Hv50k_2016_119243,2,704437105
JHI_Hv50k_2016_119256,2,704556409
JHI_Hv50k_2016_119259,2,704556796
JHI_Hv50k_2016_119334,2,704876972
JHI_Hv50k_2016_124796,2,716199820
JHI_Hv50k_2016_124924,2,716482621
JHI_Hv50k_2016_124927,2,716482753
JHI_Hv50k_2016_124930,2,716482911
JHI_Hv50k_2016_124974,2,716589685
JHI_Hv50k_2016_126274,2,719652009
JHI_Hv50k_2016_130522,2,729159339
JHI_Hv50k_2016_130764,2,729295193
JHI_Hv50k_2016_131291,2,731204776
JHI_Hv50k_2016_131292,2,731204835
JHI_Hv50k_2016_131311,2,731229343
JHI_Hv50k_2016_131709,2,732702705
JHI_Hv50k_2016_132108,2,733502549
JHI_Hv50k_2016_132172,2,733526437
JHI_Hv50k_2016_132236,2,733684638
JHI_Hv50k_2016_132248,2,733685002
JHI_Hv50k_2016_132414,2,733917318
JHI_Hv50k_2016_135041,2,740990945
JHI_Hv50k_2016_135171,2,741236008
JHI_Hv50k_2016_135356,2,741621918
JHI_Hv50k_2016_135382,2,741642582
JHI_Hv50k_2016_135561,2,742067073
JHI_Hv50k_2016_135562,2,742067194
JHI_Hv50k_2016_136164,2,743020701
JHI_Hv50k_2016_137060,2,744825209
JHI_Hv50k_2016_138947,2,750042738
JHI_Hv50k_2016_138980,2,750114129
JHI_Hv50k_2016_139283,2,750747454
JHI_Hv50k_2016_139333,2,750812309
JHI_Hv50k_2016_139435,2,751128907
JHI_Hv50k_2016_139525,2,751206586
JHI_Hv50k_2016_139657,2,751633312
JHI_Hv50k_2016_139857,2,751898115
JHI_Hv50k_2016_141407,2,754561425
JHI_Hv50k_2016_148295,2,767958620
JHI_Hv50k_2016_149834,3,1949672
JHI_Hv50k_2016_150750,3,3266680
JHI_Hv50k_2016_150847,3,3509860
JHI_Hv50k_2016_150851,3,3510192
JHI_Hv50k_2016_151061,3,3682538
JHI_Hv50k_2016_151331,3,3926116
JHI_Hv50k_2016_151897,3,4624693
JHI_Hv50k_2016_152033,3,6521655
JHI_Hv50k_2016_152690,3,7532933
JHI_Hv50k_2016_152840,3,7707729
JHI_Hv50k_2016_152878,3,7739991
JHI_Hv50k_2016_153327,3,8645980
JHI_Hv50k_2016_153498,3,9116971
JHI_Hv50k_2016_153527,3,9233621
JHI_Hv50k_2016_154007,3,11306987
JHI_Hv50k_2016_154122,3,11641858
JHI_Hv50k_2016_154752,3,13432337
JHI_Hv50k_2016_154862,3,13619632
JHI_Hv50k_2016_155569,3,15256329
JHI_Hv50k_2016_155570,3,15256629
JHI_Hv50k_2016_155677,3,15314540
JHI_Hv50k_2016_155785,3,15392641
JHI_Hv50k_2016_155803,3,15394613
JHI_Hv50k_2016_155805,3,15394820
JHI_Hv50k_2016_155807,3,15394916
JHI_Hv50k_2016_156387,3,16420851
JHI_Hv50k_2016_156580,3,17263562
JHI_Hv50k_2016_156582,3,17264293
JHI_Hv50k_2016_156865,3,17568625
JHI_Hv50k_2016_156999,3,17817242
JHI_Hv50k_2016_157160,3,17953416
JHI_Hv50k_2016_157411,3,18003763
JHI_Hv50k_2016_158003,3,18788405
JHI_Hv50k_2016_159264,3,23634696
JHI_Hv50k_2016_159312,3,23645855
JHI_Hv50k_2016_159467,3,23852971
JHI_Hv50k_2016_159468,3,23875880
JHI_Hv50k_2016_159556,3,24223023
JHI_Hv50k_2016_159650,3,24538971
JHI_Hv50k_2016_159996,3,25478284
JHI_Hv50k_2016_160053,3,25544998
JHI_Hv50k_2016_160217,3,26306671
JHI_Hv50k_2016_160227,3,26308108
JHI_Hv50k_2016_160232,3,26399514
JHI_Hv50k_2016_160284,3,26611274
JHI_Hv50k_2016_160295,3,26613024
JHI_Hv50k_2016_160298,3,26613514
JHI_Hv50k_2016_160331,3,26653151
JHI_Hv50k_2016_160352,3,26666688
JHI_Hv50k_2016_160435,3,27008398
JHI_Hv50k_2016_160477,3,27053803
JHI_Hv50k_2016_161080,3,28157143
JHI_Hv50k_2016_161081,3,28157704
JHI_Hv50k_2016_161093,3,28160787
JHI_Hv50k_2016_162197,3,34230194
JHI_Hv50k_2016_162210,3,34231650
JHI_Hv50k_2016_162954,3,37958799
JHI_Hv50k_2016_163303,3,39377019
JHI_Hv50k_2016_163496,3,39774829
JHI_Hv50k_2016_163529,3,40051984
JHI_Hv50k_2016_163623,3,41041742
JHI_Hv50k_2016_163867,3,43113398
JHI_Hv50k_2016_163869,3,43113557
JHI_Hv50k_2016_163974,3,43676587
JHI_Hv50k_2016_164334,3,45576896
JHI_Hv50k_2016_164740,3,62102552
JHI_Hv50k_2016_165984,3,96577504
JHI_Hv50k_2016_166368,3,122467409
JHI_Hv50k_2016_181132,3,450707205
JHI_Hv50k_2016_181474,3,458374402
JHI_Hv50k_2016_181543,3,461250790
JHI_Hv50k_2016_182093,3,467889815
JHI_Hv50k_2016_182094,3,467889912
JHI_Hv50k_2016_182423,3,474188905
JHI_Hv50k_2016_182436,3,474829674
JHI_Hv50k_2016_182557,3,477051144
JHI_Hv50k_2016_182582,3,477739847
JHI_Hv50k_2016_182700,3,481145119
JHI_Hv50k_2016_182720,3,481480921
JHI_Hv50k_2016_182940,3,485566329
JHI_Hv50k_2016_183041,3,487527283
JHI_Hv50k_2016_183445,3,491349821
JHI_Hv50k_2016_183528,3,492160978
JHI_Hv50k_2016_183791,3,494783757
JHI_Hv50k_2016_184726,3,501045071
JHI_Hv50k_2016_184728,3,501045272
JHI_Hv50k_2016_185119,3,504706375
JHI_Hv50k_2016_185123,3,504707086
JHI_Hv50k_2016_185188,3,505519696
JHI_Hv50k_2016_185491,3,508457538
JHI_Hv50k_2016_185997,3,512669341
JHI_Hv50k_2016_186498,3,517945742
JHI_Hv50k_2016_186499,3,517946250
JHI_Hv50k_2016_186719,3,520265980
JHI_Hv50k_2016_187407,3,528987602
JHI_Hv50k_2016_187443,3,529008881
JHI_Hv50k_2016_187516,3,529840223
JHI_Hv50k_2016_187824,3,531626983
JHI_Hv50k_2016_188175,3,534421801
JHI_Hv50k_2016_188839,3,538151890
JHI_Hv50k_2016_190063,3,544416970
JHI_Hv50k_2016_190340,3,547703791
JHI_Hv50k_2016_190711,3,550416489
JHI_Hv50k_2016_191253,3,554383142
JHI_Hv50k_2016_191513,3,555558740
JHI_Hv50k_2016_191570,3,556196073
JHI_Hv50k_2016_191997,3,558416011
JHI_Hv50k_2016_192513,3,561655532
JHI_Hv50k_2016_192532,3,561664131
JHI_Hv50k_2016_192534,3,561664491
JHI_Hv50k_2016_192711,3,563329522
JHI_Hv50k_2016_193361,3,568173793
JHI_Hv50k_2016_193461,3,568712220
JHI_Hv50k_2016_193464,3,568712251
JHI_Hv50k_2016_193609,3,568990701
JHI_Hv50k_2016_193614,3,569015347
JHI_Hv50k_2016_193640,3,569122258
JHI_Hv50k_2016_193643,3,569122422
JHI_Hv50k_2016_193644,3,569122495
JHI_Hv50k_2016_193692,3,569329191
JHI_Hv50k_2016_194354,3,571322370
JHI_Hv50k_2016_194445,3,571555392
JHI_Hv50k_2016_194477,3,571631600
JHI_Hv50k_2016_195051,3,581516867
JHI_Hv50k_2016_195512,3,584055931
JHI_Hv50k_2016_195729,3,585083673
JHI_Hv50k_2016_196155,3,586180990
JHI_Hv50k_2016_196158,3,586181510
JHI_Hv50k_2016_196276,3,586511690
JHI_Hv50k_2016_196280,3,586512656
JHI_Hv50k_2016_196287,3,586513675
JHI_Hv50k_2016_196357,3,586904641
JHI_Hv50k_2016_196379,3,586999030
JHI_Hv50k_2016_196649,3,588838602
JHI_Hv50k_2016_196798,3,589820451
JHI_Hv50k_2016_198926,3,601016754
JHI_Hv50k_2016_200641,3,610519387
JHI_Hv50k_2016_200713,3,610813420
JHI_Hv50k_2016_201484,3,615842074
JHI_Hv50k_2016_201578,3,616365963
JHI_Hv50k_2016_201579,3,616366401
JHI_Hv50k_2016_201745,3,617387280
JHI_Hv50k_2016_201773,3,617760277
JHI_Hv50k_2016_201777,3,617763236
JHI_Hv50k_2016_201896,3,619335958
JHI_Hv50k_2016_203080,3,623337088
JHI_Hv50k_2016_204392,3,628716632
JHI_Hv50k_2016_204423,3,628762587
JHI_Hv50k_2016_204532,3,630472221
JHI_Hv50k_2016_204534,3,630472306
JHI_Hv50k_2016_205257,3,633184048
JHI_Hv50k_2016_206378,3,639695992
JHI_Hv50k_2016_207481,3,645865324
JHI_Hv50k_2016_207495,3,645871382
JHI_Hv50k_2016_208432,3,650912119
JHI_Hv50k_2016_208516,3,651111306
JHI_Hv50k_2016_208872,3,652447180
JHI_Hv50k_2016_208894,3,652448329
JHI_Hv50k_2016_209018,3,652715511
JHI_Hv50k_2016_209275,3,653548850
JHI_Hv50k_2016_209663,3,654748930
JHI_Hv50k_2016_209868,3,654834850
JHI_Hv50k_2016_209957,3,654918635
JHI_Hv50k_2016_209959,3,654918644
JHI_Hv50k_2016_210038,3,655192317
JHI_Hv50k_2016_210042,3,655192848
JHI_Hv50k_2016_210086,3,655214281
JHI_Hv50k_2016_210967,3,657858257
JHI_Hv50k_2016_211019,3,658134126
JHI_Hv50k_2016_211061,3,658254102
JHI_Hv50k_2016_211108,3,658332355
JHI_Hv50k_2016_211204,3,658342427
JHI_Hv50k_2016_211251,3,658353457
JHI_Hv50k_2016_211296,3,658474734
JHI_Hv50k_2016_211904,3,660284908
JHI_Hv50k_2016_212081,3,660620642
JHI_Hv50k_2016_216732,3,671280177
JHI_Hv50k_2016_221993,3,686752100
JHI_Hv50k_2016_222101,3,687237373
JHI_Hv50k_2016_222146,3,687325378
JHI_Hv50k_2016_222375,3,687519598
JHI_Hv50k_2016_222380,3,687519829
JHI_Hv50k_2016_222723,3,687953907
JHI_Hv50k_2016_222976,3,688453679
JHI_Hv50k_2016_222985,3,688465339
JHI_Hv50k_2016_222987,3,688465509
JHI_Hv50k_2016_222988,3,688465583
JHI_Hv50k_2016_223079,3,688859978
JHI_Hv50k_2016_223558,3,689733477
JHI_Hv50k_2016_223743,3,689771260
JHI_Hv50k_2016_223930,3,690024865
JHI_Hv50k_2016_225192,3,695920003
JHI_Hv50k_2016_225326,3,695964415
JHI_Hv50k_2016_225426,3,696191798
JHI_Hv50k_2016_225595,3,696635200
JHI_Hv50k_2016_225731,4,322980
JHI_Hv50k_2016_225938,4,382575
JHI_Hv50k_2016_226115,4,643996
JHI_Hv50k_2016_226470,4,1144620
JHI_Hv50k_2016_226481,4,1145244
JHI_Hv50k_2016_226631,4,1290934
JHI_Hv50k_2016_226641,4,1291385
JHI_Hv50k_2016_227194,4,2578994
JHI_Hv50k_2016_227212,4,2674081
JHI_Hv50k_2016_227400,4,2809221
JHI_Hv50k_2016_227709,4,3773879
JHI_Hv50k_2016_227713,4,3774030
JHI_Hv50k_2016_227729,4,3837767
JHI_Hv50k_2016_227802,4,4062429
JHI_Hv50k_2016_227912,4,4231596
JHI_Hv50k_2016_228055,4,4852287
JHI_Hv50k_2016_228296,4,6234571
JHI_Hv50k_2016_228301,4,6235069
JHI_Hv50k_2016_228563,4,7643042
JHI_Hv50k_2016_228568,4,7643132
JHI_Hv50k_2016_228570,4,7719283
JHI_Hv50k_2016_228669,4,8210307
JHI_Hv50k_2016_228676,4,8212467
JHI_Hv50k_2016_228680,4,8226052
JHI_Hv50k_2016_228937,4,8816287
JHI_Hv50k_2016_229426,4,9810833
JHI_Hv50k_2016_229564,4,10037132
JHI_Hv50k_2016_231316,4,19296713
JHI_Hv50k_2016_231550,4,20493788
JHI_Hv50k_2016_231558,4,20497301
JHI_Hv50k_2016_231560,4,20499727
JHI_Hv50k_2016_231652,4,21427703
JHI_Hv50k_2016_231654,4,21427822
JHI_Hv50k_2016_231761,4,21775547
JHI_Hv50k_2016_231810,4,21786512
JHI_Hv50k_2016_231843,4,21799802
JHI_Hv50k_2016_231926,4,22553580
JHI_Hv50k_2016_231956,4,22796842
JHI_Hv50k_2016_231960,4,22860015
JHI_Hv50k_2016_231991,4,22933686
JHI_Hv50k_2016_231992,4,22933768
JHI_Hv50k_2016_232100,4,23376842
JHI_Hv50k_2016_232106,4,23377507
JHI_Hv50k_2016_232109,4,23377819
JHI_Hv50k_2016_232227,4,25677208
JHI_Hv50k_2016_232359,4,26146490
JHI_Hv50k_2016_232383,4,26149469
JHI_Hv50k_2016_232393,4,26151034
JHI_Hv50k_2016_232426,4,26198598
JHI_Hv50k_2016_232481,4,26233567
JHI_Hv50k_2016_232482,4,26233778
JHI_Hv50k_2016_232484,4,26233824
JHI_Hv50k_2016_232489,4,26245616
JHI_Hv50k_2016_232582,4,26450400
JHI_Hv50k_2016_232625,4,27021651
JHI_Hv50k_2016_232627,4,27021749
JHI_Hv50k_2016_232659,4,27196393
JHI_Hv50k_2016_236614,4,57001442
JHI_Hv50k_2016_236621,4,57051148
JHI_Hv50k_2016_236668,4,57315147
JHI_Hv50k_2016_236727,4,57594190
JHI_Hv50k_2016_236966,4,59739857
JHI_Hv50k_2016_238721,4,81024263
JHI_Hv50k_2016_240143,4,110158101
JHI_Hv50k_2016_240736,4,226788336
JHI_Hv50k_2016_240857,4,241069549
JHI_Hv50k_2016_241134,4,287937638
JHI_Hv50k_2016_241967,4,355727801
JHI_Hv50k_2016_244516,4,462632235
JHI_Hv50k_2016_244517,4,462632455
JHI_Hv50k_2016_244599,4,462965258
JHI_Hv50k_2016_244979,4,464863096
JHI_Hv50k_2016_245070,4,465979704
JHI_Hv50k_2016_245220,4,468485267
JHI_Hv50k_2016_245279,4,469411185
JHI_Hv50k_2016_246353,4,477132574
JHI_Hv50k_2016_246473,4,478369041
JHI_Hv50k_2016_261020,4,599477386
JHI_Hv50k_2016_261365,4,600468334
JHI_Hv50k_2016_261643,4,601571298
JHI_Hv50k_2016_263064,4,608733743
JHI_Hv50k_2016_263067,4,608733881
JHI_Hv50k_2016_263068,4,608733960
JHI_Hv50k_2016_263069,4,608734115
JHI_Hv50k_2016_265391,4,619904053
JHI_Hv50k_2016_265464,4,620142896
JHI_Hv50k_2016_265718,4,620838552
JHI_Hv50k_2016_265719,4,620838649
JHI_Hv50k_2016_265729,4,620839470
JHI_Hv50k_2016_266659,4,623124591
JHI_Hv50k_2016_270585,4,634682626
JHI_Hv50k_2016_270730,4,634883327
JHI_Hv50k_2016_270803,4,634954943
JHI_Hv50k_2016_271015,4,635783239
JHI_Hv50k_2016_271125,4,636187712
JHI_Hv50k_2016_271271,4,636211232
JHI_Hv50k_2016_272306,4,638274886
JHI_Hv50k_2016_272315,4,638318916
JHI_Hv50k_2016_272337,4,638487921
JHI_Hv50k_2016_273088,4,640543395
JHI_Hv50k_2016_273132,4,640549497
JHI_Hv50k_2016_273355,4,640645168
JHI_Hv50k_2016_273394,4,640652945
JHI_Hv50k_2016_273669,4,641042468
JHI_Hv50k_2016_273825,4,641155435
JHI_Hv50k_2016_273846,4,641157608
JHI_Hv50k_2016_273848,4,641157674
JHI_Hv50k_2016_273849,4,641157764
JHI_Hv50k_2016_273885,4,641160329
JHI_Hv50k_2016_273925,4,641189058
JHI_Hv50k_2016_274480,4,641794627
JHI_Hv50k_2016_275077,4,643063784
JHI_Hv50k_2016_275198,4,643440209
JHI_Hv50k_2016_276923,4,646906186
JHI_Hv50k_2016_278528,5,4673242
JHI_Hv50k_2016_278561,5,4679271
JHI_Hv50k_2016_278571,5,4680763
JHI_Hv50k_2016_278646,5,5126161
JHI_Hv50k_2016_278959,5,5793337
JHI_Hv50k_2016_278969,5,5794806
JHI_Hv50k_2016_278970,5,5795028
JHI_Hv50k_2016_278973,5,5795335
JHI_Hv50k_2016_279165,5,6339127
JHI_Hv50k_2016_279216,5,6368231
JHI_Hv50k_2016_279226,5,6372914
JHI_Hv50k_2016_279552,5,6778354
JHI_Hv50k_2016_282345,5,12690441
JHI_Hv50k_2016_282389,5,12720176
JHI_Hv50k_2016_282392,5,12720332
JHI_Hv50k_2016_282395,5,12720519
JHI_Hv50k_2016_282443,5,12796249
JHI_Hv50k_2016_282798,5,14109320
JHI_Hv50k_2016_282916,5,15599684
JHI_Hv50k_2016_287256,5,31678885
JHI_Hv50k_2016_290961,5,62650086
JHI_Hv50k_2016_291885,5,73388770
JHI_Hv50k_2016_292140,5,77819138
JHI_Hv50k_2016_292222,5,80433258
JHI_Hv50k_2016_292492,5,83942101
JHI_Hv50k_2016_292829,5,87912427
JHI_Hv50k_2016_292911,5,90690474
JHI_Hv50k_2016_293154,5,96157137
JHI_Hv50k_2016_293185,5,96619343
JHI_Hv50k_2016_293437,5,99915664
JHI_Hv50k_2016_293618,5,105661080
JHI_Hv50k_2016_293695,5,107578503
JHI_Hv50k_2016_293903,5,115197468
JHI_Hv50k_2016_294104,5,120942271
JHI_Hv50k_2016_294207,5,124211802
JHI_Hv50k_2016_294253,5,125042950
JHI_Hv50k_2016_294279,5,125243367
JHI_Hv50k_2016_294381,5,126914555
JHI_Hv50k_2016_294568,5,130572515
JHI_Hv50k_2016_294724,5,133545868
JHI_Hv50k_2016_294865,5,140931530
JHI_Hv50k_2016_294872,5,141060851
JHI_Hv50k_2016_294971,5,145689154
JHI_Hv50k_2016_295010,5,146509710
JHI_Hv50k_2016_295020,5,147647417
JHI_Hv50k_2016_295021,5,147886361
JHI_Hv50k_2016_295343,5,158566089
JHI_Hv50k_2016_295543,5,175423288
JHI_Hv50k_2016_295681,5,184611505
JHI_Hv50k_2016_295731,5,188909765
JHI_Hv50k_2016_295854,5,196617582
JHI_Hv50k_2016_295985,5,211280655
JHI_Hv50k_2016_296393,5,252869544
JHI_Hv50k_2016_296453,5,261369807
JHI_Hv50k_2016_296475,5,266194270
JHI_Hv50k_2016_297337,5,294980752
JHI_Hv50k_2016_297380,5,296948465
JHI_Hv50k_2016_297426,5,298233447
JHI_Hv50k_2016_297598,5,303454536
JHI_Hv50k_2016_297674,5,306358440
JHI_Hv50k_2016_297745,5,311137539
JHI_Hv50k_2016_297963,5,319302609
JHI_Hv50k_2016_298127,5,330160337
JHI_Hv50k_2016_298226,5,335589140
JHI_Hv50k_2016_298254,5,337462863
JHI_Hv50k_2016_298660,5,346782274
JHI_Hv50k_2016_298662,5,346785177
JHI_Hv50k_2016_300210,5,371708706
JHI_Hv50k_2016_300677,5,374862511
JHI_Hv50k_2016_300777,5,376055619
JHI_Hv50k_2016_300817,5,376324621
JHI_Hv50k_2016_300984,5,379218905
JHI_Hv50k_2016_300995,5,379233739
JHI_Hv50k_2016_301070,5,382072960
JHI_Hv50k_2016_301337,5,387032965
JHI_Hv50k_2016_302099,5,396846630
JHI_Hv50k_2016_302314,5,400578548
JHI_Hv50k_2016_304107,5,431594380
JHI_Hv50k_2016_304137,5,436956951
JHI_Hv50k_2016_305129,5,454564461
JHI_Hv50k_2016_305840,5,464869682
JHI_Hv50k_2016_305951,5,465720192
JHI_Hv50k_2016_306139,5,467839614
JHI_Hv50k_2016_306822,5,477958251
JHI_Hv50k_2016_307003,5,479345584
JHI_Hv50k_2016_307026,5,479347535
JHI_Hv50k_2016_307187,5,480419629
JHI_Hv50k_2016_307188,5,480419858
JHI_Hv50k_2016_307189,5,480419958
JHI_Hv50k_2016_307191,5,480420083
JHI_Hv50k_2016_307195,5,480420544
JHI_Hv50k_2016_307196,5,480420635
JHI_Hv50k_2016_308206,5,486799466
JHI_Hv50k_2016_308358,5,487796519
JHI_Hv50k_2016_308543,5,488365178
JHI_Hv50k_2016_309038,5,497104406
JHI_Hv50k_2016_309051,5,497438130
JHI_Hv50k_2016_309053,5,497439843
JHI_Hv50k_2016_309064,5,497699445
JHI_Hv50k_2016_309221,5,499576853
JHI_Hv50k_2016_309381,5,500700288
JHI_Hv50k_2016_309383,5,500700515
JHI_Hv50k_2016_309385,5,500700748
JHI_Hv50k_2016_309515,5,501793379
JHI_Hv50k_2016_310194,5,510670607
JHI_Hv50k_2016_312273,5,531388318
JHI_Hv50k_2016_313788,5,535816147
JHI_Hv50k_2016_313869,5,536317274
JHI_Hv50k_2016_314045,5,536852425
JHI_Hv50k_2016_314066,5,537292329
JHI_Hv50k_2016_314398,5,540590618
JHI_Hv50k_2016_314653,5,541703323
JHI_Hv50k_2016_314664,5,541704674
JHI_Hv50k_2016_315261,5,543898276
JHI_Hv50k_2016_315311,5,544244980
JHI_Hv50k_2016_316782,5,548133420
JHI_Hv50k_2016_316785,5,548133485
JHI_Hv50k_2016_316787,5,548133735
JHI_Hv50k_2016_316792,5,548134269
JHI_Hv50k_2016_317105,5,552214993
JHI_Hv50k_2016_317176,5,552546572
JHI_Hv50k_2016_317201,5,552549773
JHI_Hv50k_2016_317355,5,552934147
JHI_Hv50k_2016_317440,5,552949933
JHI_Hv50k_2016_317495,5,552967329
JHI_Hv50k_2016_317717,5,553260728
JHI_Hv50k_2016_317761,5,553282742
JHI_Hv50k_2016_319359,5,557306082
JHI_Hv50k_2016_319361,5,557306278
JHI_Hv50k_2016_319731,5,557912597
JHI_Hv50k_2016_319760,5,557964730
JHI_Hv50k_2016_319914,5,558775995
JHI_Hv50k_2016_319917,5,558776694
JHI_Hv50k_2016_321134,5,563647686
JHI_Hv50k_2016_322287,5,568057979
JHI_Hv50k_2016_322677,5,568905098
JHI_Hv50k_2016_323289,5,571569204
JHI_Hv50k_2016_325373,5,576265753
JHI_Hv50k_2016_327706,5,581803068
JHI_Hv50k_2016_327859,5,582055974
JHI_Hv50k_2016_329268,5,585573792
JHI_Hv50k_2016_331300,5,588527008
JHI_Hv50k_2016_331662,5,589159920
JHI_Hv50k_2016_331809,5,589578917
JHI_Hv50k_2016_332058,5,589933044
JHI_Hv50k_2016_332530,5,591246674
JHI_Hv50k_2016_332891,5,591946085
JHI_Hv50k_2016_332956,5,592334470
JHI_Hv50k_2016_332986,5,592424712
JHI_Hv50k_2016_333580,5,594157115
JHI_Hv50k_2016_333582,5,594157266
JHI_Hv50k_2016_333626,5,594234587
JHI_Hv50k_2016_333643,5,594241026
JHI_Hv50k_2016_333761,5,594558259
JHI_Hv50k_2016_334056,5,595416742
JHI_Hv50k_2016_334219,5,596204198
JHI_Hv50k_2016_334221,5,596204796
JHI_Hv50k_2016_335374,5,597826101
JHI_Hv50k_2016_335543,5,597855904
JHI_Hv50k_2016_335824,5,598568140
JHI_Hv50k_2016_335869,5,598757274
JHI_Hv50k_2016_335880,5,598763441
JHI_Hv50k_2016_335882,5,598763535
JHI_Hv50k_2016_335885,5,598763816
JHI_Hv50k_2016_335886,5,598763969
JHI_Hv50k_2016_335887,5,598764243
JHI_Hv50k_2016_335931,5,599121042
JHI_Hv50k_2016_335934,5,599121762
JHI_Hv50k_2016_335942,5,599123281
JHI_Hv50k_2016_335947,5,599123602
JHI_Hv50k_2016_335949,5,599124009
JHI_Hv50k_2016_336398,5,600195497
JHI_Hv50k_2016_336517,5,600493650
JHI_Hv50k_2016_336665,5,600596288
JHI_Hv50k_2016_336681,5,600603325
JHI_Hv50k_2016_336748,5,600850419
JHI_Hv50k_2016_336770,5,600914381
JHI_Hv50k_2016_336771,5,600914471
JHI_Hv50k_2016_336801,5,600961484
JHI_Hv50k_2016_336833,5,601143471
JHI_Hv50k_2016_337389,5,602676669
JHI_Hv50k_2016_337616,5,603280661
JHI_Hv50k_2016_337660,5,603536995
JHI_Hv50k_2016_337832,5,604253217
JHI_Hv50k_2016_337849,5,604272465
JHI_Hv50k_2016_337992,5,605314967
JHI_Hv50k_2016_338080,5,605407376
JHI_Hv50k_2016_338081,5,605407569
JHI_Hv50k_2016_338418,5,607038617
JHI_Hv50k_2016_338495,5,607269214
JHI_Hv50k_2016_338603,5,607886079
JHI_Hv50k_2016_338621,5,607887435
JHI_Hv50k_2016_338704,5,608279101
JHI_Hv50k_2016_338851,5,608881221
JHI_Hv50k_2016_338916,5,608995582
JHI_Hv50k_2016_339056,5,609151525
JHI_Hv50k_2016_340037,5,610278965
JHI_Hv50k_2016_340365,5,610690352
JHI_Hv50k_2016_340433,5,610981184
JHI_Hv50k_2016_340437,5,610981633
JHI_Hv50k_2016_341002,5,611821784
JHI_Hv50k_2016_341523,5,612629977
JHI_Hv50k_2016_341929,5,613720750
JHI_Hv50k_2016_341934,5,613721412
JHI_Hv50k_2016_341936,5,613721591
JHI_Hv50k_2016_341937,5,613722196
JHI_Hv50k_2016_341946,5,613723248
JHI_Hv50k_2016_341994,5,613902931
JHI_Hv50k_2016_342174,5,614204219
JHI_Hv50k_2016_342184,5,614303376
JHI_Hv50k_2016_342189,5,614303737
JHI_Hv50k_2016_342191,5,614303931
JHI_Hv50k_2016_342192,5,614304037
JHI_Hv50k_2016_342199,5,614304582
JHI_Hv50k_2016_342239,5,614442876
JHI_Hv50k_2016_342445,5,614687561
JHI_Hv50k_2016_342820,5,615393309
JHI_Hv50k_2016_343074,5,616376075
JHI_Hv50k_2016_343645,5,617548770
JHI_Hv50k_2016_343697,5,617776796
JHI_Hv50k_2016_343698,5,617776959
JHI_Hv50k_2016_343714,5,617777522
JHI_Hv50k_2016_343718,5,617777954
JHI_Hv50k_2016_343804,5,618179942
JHI_Hv50k_2016_343805,5,618180034
JHI_Hv50k_2016_343989,5,618840781
JHI_Hv50k_2016_343992,5,618842000
JHI_Hv50k_2016_344250,5,619892482
JHI_Hv50k_2016_344252,5,619892661
JHI_Hv50k_2016_344270,5,619904690
JHI_Hv50k_2016_344283,5,619905219
JHI_Hv50k_2016_344416,5,620199289
JHI_Hv50k_2016_344492,5,620635473
JHI_Hv50k_2016_344783,5,621069729
JHI_Hv50k_2016_345007,5,621919785
JHI_Hv50k_2016_345023,5,621921454
JHI_Hv50k_2016_345222,5,622368927
JHI_Hv50k_2016_345308,5,622810655
JHI_Hv50k_2016_346089,5,623910014
JHI_Hv50k_2016_346190,5,623955690
JHI_Hv50k_2016_346264,5,623994998
JHI_Hv50k_2016_346493,5,625354250
JHI_Hv50k_2016_346572,5,625546037
JHI_Hv50k_2016_347269,5,628375053
JHI_Hv50k_2016_347288,5,628387613
JHI_Hv50k_2016_347304,5,628398403
JHI_Hv50k_2016_348014,5,630039406
JHI_Hv50k_2016_348060,5,630122063
JHI_Hv50k_2016_348257,5,630424449
JHI_Hv50k_2016_348262,5,630425223
JHI_Hv50k_2016_349606,5,635868266
JHI_Hv50k_2016_349626,5,635872329
JHI_Hv50k_2016_349695,5,635938660
JHI_Hv50k_2016_349709,5,635985228
JHI_Hv50k_2016_349816,5,636407314
JHI_Hv50k_2016_349878,5,636696667
JHI_Hv50k_2016_349887,5,636709831
JHI_Hv50k_2016_349922,5,636773882
JHI_Hv50k_2016_351024,5,639841468
JHI_Hv50k_2016_351251,5,640363444
JHI_Hv50k_2016_351253,5,640363496
JHI_Hv50k_2016_351256,5,640363997
JHI_Hv50k_2016_351257,5,640364059
JHI_Hv50k_2016_352383,5,642402166
JHI_Hv50k_2016_352388,5,642402794
JHI_Hv50k_2016_352657,5,642936977
JHI_Hv50k_2016_353080,5,643041860
JHI_Hv50k_2016_353447,5,643788587
JHI_Hv50k_2016_354324,5,645036758
JHI_Hv50k_2016_354346,5,645041078
JHI_Hv50k_2016_354871,5,646226163
JHI_Hv50k_2016_355145,5,646807521
JHI_Hv50k_2016_355863,5,648005638
JHI_Hv50k_2016_356258,5,648559383
JHI_Hv50k_2016_356272,5,648639132
JHI_Hv50k_2016_356505,5,649189525
JHI_Hv50k_2016_356913,5,649724208
JHI_Hv50k_2016_357013,5,649916618
JHI_Hv50k_2016_357209,5,650318148
JHI_Hv50k_2016_357721,5,650998052
JHI_Hv50k_2016_357757,5,651010247
JHI_Hv50k_2016_359470,5,654990009
JHI_Hv50k_2016_359473,5,654990401
JHI_Hv50k_2016_359870,5,655333244
JHI_Hv50k_2016_359873,5,655333715
JHI_Hv50k_2016_359874,5,655333728
JHI_Hv50k_2016_362392,5,659533445
JHI_Hv50k_2016_362394,5,659533931
JHI_Hv50k_2016_362460,5,659737361
JHI_Hv50k_2016_362484,5,659823804
JHI_Hv50k_2016_362514,5,659842931
JHI_Hv50k_2016_362587,5,660823217
JHI_Hv50k_2016_362630,5,660979460
JHI_Hv50k_2016_362645,5,660980276
JHI_Hv50k_2016_362791,5,661158102
JHI_Hv50k_2016_362796,5,661158804
JHI_Hv50k_2016_362982,5,661521184
JHI_Hv50k_2016_362994,5,661522423
JHI_Hv50k_2016_362998,5,661522878
JHI_Hv50k_2016_362999,5,661522879
JHI_Hv50k_2016_363030,5,661526013
JHI_Hv50k_2016_363055,5,661529111
JHI_Hv50k_2016_363800,5,662599220
JHI_Hv50k_2016_363935,5,662818923
JHI_Hv50k_2016_364108,5,663078177
JHI_Hv50k_2016_364522,5,663888488
JHI_Hv50k_2016_364953,5,664378139
JHI_Hv50k_2016_365782,5,665168078
JHI_Hv50k_2016_365954,5,665694674
JHI_Hv50k_2016_365997,5,665989304
JHI_Hv50k_2016_366538,5,667491994
JHI_Hv50k_2016_367779,5,669781354
JHI_Hv50k_2016_368032,6,396064
JHI_Hv50k_2016_368836,6,1589699
JHI_Hv50k_2016_368931,6,2596054
JHI_Hv50k_2016_368959,6,2614076
JHI_Hv50k_2016_369006,6,3025485
JHI_Hv50k_2016_369194,6,3858798
JHI_Hv50k_2016_369247,6,3917797
JHI_Hv50k_2016_369259,6,3918730
JHI_Hv50k_2016_369263,6,3919009
JHI_Hv50k_2016_369729,6,4884256
JHI_Hv50k_2016_370046,6,5180947
JHI_Hv50k_2016_370179,6,5397126
JHI_Hv50k_2016_370551,6,5817614
JHI_Hv50k_2016_371327,6,7031843
JHI_Hv50k_2016_371328,6,7032503
JHI_Hv50k_2016_371329,6,7032557
JHI_Hv50k_2016_371331,6,7032976
JHI_Hv50k_2016_371605,6,7809389
JHI_Hv50k_2016_371606,6,7809451
JHI_Hv50k_2016_371619,6,7811204
JHI_Hv50k_2016_371659,6,7842090
JHI_Hv50k_2016_372009,6,8038386
JHI_Hv50k_2016_372848,6,9324931
JHI_Hv50k_2016_373042,6,10693898
JHI_Hv50k_2016_373104,6,10922107
JHI_Hv50k_2016_373481,6,11920410
JHI_Hv50k_2016_373482,6,11921539
JHI_Hv50k_2016_373484,6,11922210
JHI_Hv50k_2016_373534,6,11942821
JHI_Hv50k_2016_373554,6,12013305
JHI_Hv50k_2016_373560,6,12013658
JHI_Hv50k_2016_373599,6,12017956
JHI_Hv50k_2016_373811,6,12300300
JHI_Hv50k_2016_373816,6,12300594
JHI_Hv50k_2016_373820,6,12300886
JHI_Hv50k_2016_373846,6,12305286
JHI_Hv50k_2016_373963,6,12371372
JHI_Hv50k_2016_373965,6,12371765
JHI_Hv50k_2016_374006,6,12387029
JHI_Hv50k_2016_374056,6,12505810
JHI_Hv50k_2016_374203,6,13040474
JHI_Hv50k_2016_374480,6,13448524
JHI_Hv50k_2016_374485,6,13448738
JHI_Hv50k_2016_374581,6,13462329
JHI_Hv50k_2016_374701,6,13523750
JHI_Hv50k_2016_375198,6,14280071
JHI_Hv50k_2016_376061,6,15538540
JHI_Hv50k_2016_376166,6,15550203
JHI_Hv50k_2016_376312,6,15816898
JHI_Hv50k_2016_377180,6,16442839
JHI_Hv50k_2016_377329,6,16584184
JHI_Hv50k_2016_377584,6,16746504
JHI_Hv50k_2016_377667,6,16877584
JHI_Hv50k_2016_377672,6,16878353
JHI_Hv50k_2016_377926,6,17552393
JHI_Hv50k_2016_377929,6,17552594
JHI_Hv50k_2016_377995,6,17809701
JHI_Hv50k_2016_378036,6,18484902
JHI_Hv50k_2016_378173,6,18911167
JHI_Hv50k_2016_378180,6,18911522
JHI_Hv50k_2016_378409,6,19548323
JHI_Hv50k_2016_378825,6,20891130
JHI_Hv50k_2016_378829,6,20892134
JHI_Hv50k_2016_378854,6,20959428
JHI_Hv50k_2016_378864,6,20961693
JHI_Hv50k_2016_378880,6,21067922
JHI_Hv50k_2016_378987,6,21450978
JHI_Hv50k_2016_379030,6,21803330
JHI_Hv50k_2016_379147,6,22184029
JHI_Hv50k_2016_379149,6,22185266
JHI_Hv50k_2016_379500,6,24102066
JHI_Hv50k_2016_379986,6,25305342
JHI_Hv50k_2016_380143,6,26025055
JHI_Hv50k_2016_380476,6,27656322
JHI_Hv50k_2016_381219,6,30377738
JHI_Hv50k_2016_381395,6,30642920
JHI_Hv50k_2016_381578,6,30965325
JHI_Hv50k_2016_381710,6,31192378
JHI_Hv50k_2016_381950,6,32054764
JHI_Hv50k_2016_381960,6,32084952
JHI_Hv50k_2016_381961,6,32085224
JHI_Hv50k_2016_381977,6,32243281
JHI_Hv50k_2016_382058,6,32381519
JHI_Hv50k_2016_382069,6,32382209
JHI_Hv50k_2016_382077,6,32383272
JHI_Hv50k_2016_382223,6,33011618
JHI_Hv50k_2016_382460,6,33610499
JHI_Hv50k_2016_382877,6,35313306
JHI_Hv50k_2016_383145,6,35795067
JHI_Hv50k_2016_383344,6,36196682
JHI_Hv50k_2016_383529,6,36810370
JHI_Hv50k_2016_384308,6,39467051
JHI_Hv50k_2016_384979,6,41765859
JHI_Hv50k_2016_385501,6,44536896
JHI_Hv50k_2016_385516,6,44540046
JHI_Hv50k_2016_385734,6,46509064
JHI_Hv50k_2016_386133,6,48036790
JHI_Hv50k_2016_386247,6,48212902
JHI_Hv50k_2016_386349,6,49430173
JHI_Hv50k_2016_386478,6,49799602
JHI_Hv50k_2016_386647,6,50782917
JHI_Hv50k_2016_386662,6,50786423
JHI_Hv50k_2016_386764,6,52052535
JHI_Hv50k_2016_386912,6,55941181
JHI_Hv50k_2016_387087,6,57298269
JHI_Hv50k_2016_387142,6,58140584
JHI_Hv50k_2016_387296,6,60167192
JHI_Hv50k_2016_387515,6,61096846
JHI_Hv50k_2016_387740,6,61738363
JHI_Hv50k_2016_387808,6,63332162
JHI_Hv50k_2016_387823,6,63827231
JHI_Hv50k_2016_387837,6,64010913
JHI_Hv50k_2016_387846,6,64014716
JHI_Hv50k_2016_388150,6,67051288
JHI_Hv50k_2016_388337,6,68650867
JHI_Hv50k_2016_388395,6,69634729
JHI_Hv50k_2016_388539,6,71274357
JHI_Hv50k_2016_388653,6,71746691
JHI_Hv50k_2016_388853,6,77290998
JHI_Hv50k_2016_388916,6,78133735
JHI_Hv50k_2016_388962,6,79099587
JHI_Hv50k_2016_388995,6,79206341
JHI_Hv50k_2016_389017,6,79414473
JHI_Hv50k_2016_389034,6,79610668
JHI_Hv50k_2016_389066,6,81591139
JHI_Hv50k_2016_389078,6,82035531
JHI_Hv50k_2016_389092,6,83250997
JHI_Hv50k_2016_389120,6,83790960
JHI_Hv50k_2016_389220,6,87788525
JHI_Hv50k_2016_389223,6,87895281
JHI_Hv50k_2016_394279,6,201312895
JHI_Hv50k_2016_397796,6,345716896
JHI_Hv50k_2016_399074,6,363543488
JHI_Hv50k_2016_399160,6,364806791
JHI_Hv50k_2016_400736,6,379784912
JHI_Hv50k_2016_400774,6,380198311
JHI_Hv50k_2016_400782,6,380200042
JHI_Hv50k_2016_401495,6,387092035
JHI_Hv50k_2016_401965,6,392888920
JHI_Hv50k_2016_402178,6,395215173
JHI_Hv50k_2016_402835,6,400963737
JHI_Hv50k_2016_402862,6,401161340
JHI_Hv50k_2016_402969,6,401631907
JHI_Hv50k_2016_403454,6,406914708
JHI_Hv50k_2016_403455,6,406915022
JHI_Hv50k_2016_403497,6,407038377
JHI_Hv50k_2016_404362,6,414353767
JHI_Hv50k_2016_405857,6,432470668
JHI_Hv50k_2016_406337,6,441523585
JHI_Hv50k_2016_406391,6,441973775
JHI_Hv50k_2016_406413,6,443048015
JHI_Hv50k_2016_406471,6,444318488
JHI_Hv50k_2016_406622,6,449543485
JHI_Hv50k_2016_406973,6,459829585
JHI_Hv50k_2016_408348,6,476164708
JHI_Hv50k_2016_408471,6,477264426
JHI_Hv50k_2016_408616,6,478110731
JHI_Hv50k_2016_408756,6,478425912
JHI_Hv50k_2016_412188,6,507159212
JHI_Hv50k_2016_412578,6,511065335
JHI_Hv50k_2016_412579,6,511065500
JHI_Hv50k_2016_412772,6,512188357
JHI_Hv50k_2016_415149,6,530730836
JHI_Hv50k_2016_415318,6,531690976
JHI_Hv50k_2016_415333,6,531932580
JHI_Hv50k_2016_415435,6,532418899
JHI_Hv50k_2016_415468,6,532839517
JHI_Hv50k_2016_415470,6,532839541
JHI_Hv50k_2016_415478,6,532840189
JHI_Hv50k_2016_415505,6,532881762
JHI_Hv50k_2016_415524,6,532902125
JHI_Hv50k_2016_415590,6,533274092
JHI_Hv50k_2016_415625,6,533492330
JHI_Hv50k_2016_415723,6,534442689
JHI_Hv50k_2016_415738,6,534446587
JHI_Hv50k_2016_415739,6,534446770
JHI_Hv50k_2016_415741,6,534447141
JHI_Hv50k_2016_415759,6,534467103
JHI_Hv50k_2016_416155,6,535847198
JHI_Hv50k_2016_416162,6,535848192
JHI_Hv50k_2016_416163,6,535848272
JHI_Hv50k_2016_416166,6,535848577
JHI_Hv50k_2016_416171,6,535848832
JHI_Hv50k_2016_416172,6,535848905
JHI_Hv50k_2016_416814,6,539063939
JHI_Hv50k_2016_416826,6,539065547
JHI_Hv50k_2016_416857,6,539363533
JHI_Hv50k_2016_418542,6,545782080
JHI_Hv50k_2016_418696,6,546447241
JHI_Hv50k_2016_418841,6,546760377
JHI_Hv50k_2016_419063,6,547248497
JHI_Hv50k_2016_419176,6,547557383
JHI_Hv50k_2016_419178,6,547557610
JHI_Hv50k_2016_419185,6,547558098
JHI_Hv50k_2016_419189,6,547558389
JHI_Hv50k_2016_419446,6,548290007
JHI_Hv50k_2016_419498,6,548433147
JHI_Hv50k_2016_419728,6,549256258
JHI_Hv50k_2016_419748,6,549256917
JHI_Hv50k_2016_420337,6,550803791
JHI_Hv50k_2016_420721,6,552095364
JHI_Hv50k_2016_421119,6,553203797
JHI_Hv50k_2016_421691,6,555704707
JHI_Hv50k_2016_422310,6,557356812
JHI_Hv50k_2016_422311,6,557356877
JHI_Hv50k_2016_422493,6,557854612
JHI_Hv50k_2016_423113,6,559706816
JHI_Hv50k_2016_423120,6,559707003
JHI_Hv50k_2016_423703,6,561342443
JHI_Hv50k_2016_423785,6,561584301
JHI_Hv50k_2016_423827,6,561627778
JHI_Hv50k_2016_423834,6,561628538
JHI_Hv50k_2016_423895,6,561641532
JHI_Hv50k_2016_424223,6,562713602
JHI_Hv50k_2016_424258,6,562781468
JHI_Hv50k_2016_424303,6,562814928
JHI_Hv50k_2016_424398,6,563029385
JHI_Hv50k_2016_424446,6,563076620
JHI_Hv50k_2016_424936,6,564089183
JHI_Hv50k_2016_424965,6,564136038
JHI_Hv50k_2016_425100,6,564918031
JHI_Hv50k_2016_425180,6,565029132
JHI_Hv50k_2016_425344,6,565057015
JHI_Hv50k_2016_425690,6,565576337
JHI_Hv50k_2016_426426,6,567134681
JHI_Hv50k_2016_426825,6,568281282
JHI_Hv50k_2016_426839,6,568302735
JHI_Hv50k_2016_426840,6,568302969
JHI_Hv50k_2016_426843,6,568303144
JHI_Hv50k_2016_427554,6,571417951
JHI_Hv50k_2016_427559,6,571418298
JHI_Hv50k_2016_427573,6,571418945
JHI_Hv50k_2016_427722,6,571462205
JHI_Hv50k_2016_428058,6,572430682
JHI_Hv50k_2016_428483,6,573491584
JHI_Hv50k_2016_428664,6,573640547
JHI_Hv50k_2016_430061,6,576928027
JHI_Hv50k_2016_430149,6,577100969
JHI_Hv50k_2016_432683,6,580309552
JHI_Hv50k_2016_433420,6,582030259
JHI_Hv50k_2016_434164,6,583100615
JHI_Hv50k_2016_434535,6,583282205
JHI_Hv50k_2016_434620,6,583310973
JHI_Hv50k_2016_435274,7,198711
JHI_Hv50k_2016_436250,7,842671
JHI_Hv50k_2016_436469,7,984896
JHI_Hv50k_2016_437051,7,2084891
JHI_Hv50k_2016_437197,7,2309111
JHI_Hv50k_2016_437597,7,2466982
JHI_Hv50k_2016_437598,7,2467003
JHI_Hv50k_2016_437996,7,2725936
JHI_Hv50k_2016_439545,7,4127710
JHI_Hv50k_2016_439748,7,4399656
JHI_Hv50k_2016_439749,7,4399838
JHI_Hv50k_2016_439996,7,4532042
JHI_Hv50k_2016_440612,7,4996773
JHI_Hv50k_2016_440728,7,5068072
JHI_Hv50k_2016_440878,7,5165702
JHI_Hv50k_2016_440879,7,5165768
JHI_Hv50k_2016_440881,7,5165807
JHI_Hv50k_2016_440885,7,5165949
JHI_Hv50k_2016_440888,7,5166174
JHI_Hv50k_2016_440902,7,5167393
JHI_Hv50k_2016_440921,7,5168409
JHI_Hv50k_2016_442440,7,6804897
JHI_Hv50k_2016_443476,7,8003056
JHI_Hv50k_2016_443481,7,8010582
JHI_Hv50k_2016_443526,7,8018959
JHI_Hv50k_2016_443609,7,8220883
JHI_Hv50k_2016_444292,7,8865519
JHI_Hv50k_2016_444808,7,9413391
JHI_Hv50k_2016_444853,7,9417288
JHI_Hv50k_2016_445179,7,9690476
JHI_Hv50k_2016_445336,7,9880616
JHI_Hv50k_2016_446009,7,10427120
JHI_Hv50k_2016_446461,7,10688463
JHI_Hv50k_2016_446917,7,10941934
JHI_Hv50k_2016_447146,7,11239672
JHI_Hv50k_2016_447324,7,11354083
JHI_Hv50k_2016_447751,7,12709217
JHI_Hv50k_2016_447752,7,12709277
JHI_Hv50k_2016_448089,7,12946282
JHI_Hv50k_2016_448891,7,13541623
JHI_Hv50k_2016_449256,7,13704453
JHI_Hv50k_2016_449990,7,14985267
JHI_Hv50k_2016_450275,7,15362958
JHI_Hv50k_2016_450765,7,16413478
JHI_Hv50k_2016_451314,7,16919874
JHI_Hv50k_2016_451988,7,18713291
JHI_Hv50k_2016_452991,7,23582473
JHI_Hv50k_2016_453012,7,23714577
JHI_Hv50k_2016_453315,7,24685362
JHI_Hv50k_2016_453316,7,24685371
JHI_Hv50k_2016_453317,7,24685425
JHI_Hv50k_2016_453326,7,24685804
JHI_Hv50k_2016_453327,7,24685856
JHI_Hv50k_2016_453335,7,24686112
JHI_Hv50k_2016_453342,7,24686542
JHI_Hv50k_2016_453425,7,25003504
JHI_Hv50k_2016_453798,7,25587987
JHI_Hv50k_2016_456555,7,31241584
JHI_Hv50k_2016_456593,7,31243396
JHI_Hv50k_2016_456942,7,31370942
JHI_Hv50k_2016_456985,7,31380616
JHI_Hv50k_2016_457721,7,32798825
JHI_Hv50k_2016_457722,7,32799319
JHI_Hv50k_2016_458084,7,33042609
JHI_Hv50k_2016_458086,7,33043428
JHI_Hv50k_2016_458411,7,34432879
JHI_Hv50k_2016_458631,7,34779698
JHI_Hv50k_2016_458777,7,35128469
JHI_Hv50k_2016_461019,7,44709907
JHI_Hv50k_2016_461174,7,46117027
JHI_Hv50k_2016_461181,7,46391818
JHI_Hv50k_2016_461244,7,46838523
JHI_Hv50k_2016_461245,7,46838574
JHI_Hv50k_2016_461261,7,46842102
JHI_Hv50k_2016_461845,7,49450910
JHI_Hv50k_2016_462290,7,50107615
JHI_Hv50k_2016_462842,7,50627840
JHI_Hv50k_2016_462950,7,50933685
JHI_Hv50k_2016_462952,7,50934056
JHI_Hv50k_2016_463259,7,52113875
JHI_Hv50k_2016_463260,7,52113946
JHI_Hv50k_2016_463273,7,52114486
JHI_Hv50k_2016_463278,7,52114759
JHI_Hv50k_2016_463303,7,52117194
JHI_Hv50k_2016_463320,7,52168557
JHI_Hv50k_2016_463337,7,52283255
JHI_Hv50k_2016_463439,7,52560071
JHI_Hv50k_2016_463470,7,52614549
JHI_Hv50k_2016_463530,7,52938361
JHI_Hv50k_2016_463534,7,52938596
JHI_Hv50k_2016_463545,7,52939303
JHI_Hv50k_2016_463548,7,52939434
JHI_Hv50k_2016_463570,7,53034168
JHI_Hv50k_2016_463595,7,53444328
JHI_Hv50k_2016_463638,7,53508425
JHI_Hv50k_2016_464216,7,55136501
JHI_Hv50k_2016_464376,7,55515204
JHI_Hv50k_2016_464377,7,55515270
JHI_Hv50k_2016_464578,7,56656041
JHI_Hv50k_2016_464826,7,58106793
JHI_Hv50k_2016_464944,7,58906885
JHI_Hv50k_2016_464958,7,59141247
JHI_Hv50k_2016_464982,7,59577079
JHI_Hv50k_2016_464984,7,59577271
JHI_Hv50k_2016_465367,7,61029905
JHI_Hv50k_2016_465406,7,61032760
JHI_Hv50k_2016_465418,7,61033348
JHI_Hv50k_2016_465421,7,61033515
JHI_Hv50k_2016_465438,7,61034316
JHI_Hv50k_2016_465498,7,61261196
JHI_Hv50k_2016_466668,7,64672518
JHI_Hv50k_2016_467042,7,65972420
JHI_Hv50k_2016_467141,7,66163391
JHI_Hv50k_2016_467279,7,66603610
JHI_Hv50k_2016_468551,7,72272931
JHI_Hv50k_2016_468564,7,72602355
JHI_Hv50k_2016_468906,7,75226781
JHI_Hv50k_2016_468975,7,75747442
JHI_Hv50k_2016_469069,7,77004837
JHI_Hv50k_2016_469092,7,77334026
JHI_Hv50k_2016_470283,7,84966717
JHI_Hv50k_2016_470398,7,85708995
JHI_Hv50k_2016_470691,7,87930425
JHI_Hv50k_2016_471439,7,91014372
JHI_Hv50k_2016_471901,7,93638286
JHI_Hv50k_2016_472207,7,97148494
JHI_Hv50k_2016_472384,7,97740526
JHI_Hv50k_2016_472770,7,101613678
JHI_Hv50k_2016_472789,7,101902669
JHI_Hv50k_2016_473172,7,103920319
JHI_Hv50k_2016_473319,7,110699627
JHI_Hv50k_2016_473439,7,112030630
JHI_Hv50k_2016_474421,7,122957872
JHI_Hv50k_2016_474577,7,124236346
JHI_Hv50k_2016_474953,7,142885172
JHI_Hv50k_2016_474991,7,143696445
JHI_Hv50k_2016_475035,7,143937800
JHI_Hv50k_2016_475313,7,146580721
JHI_Hv50k_2016_475326,7,146581769
JHI_Hv50k_2016_475459,7,148548470
JHI_Hv50k_2016_475638,7,164658594
JHI_Hv50k_2016_475700,7,199119468
JHI_Hv50k_2016_475721,7,220446214
JHI_Hv50k_2016_477141,7,237946954
JHI_Hv50k_2016_477176,7,238908476
JHI_Hv50k_2016_477211,7,239262567
JHI_Hv50k_2016_477532,7,244650840
JHI_Hv50k_2016_477622,7,248225521
JHI_Hv50k_2016_477827,7,253277111
JHI_Hv50k_2016_477881,7,253679547
JHI_Hv50k_2016_477938,7,254471045
JHI_Hv50k_2016_478027,7,255553048
JHI_Hv50k_2016_478101,7,256853060
JHI_Hv50k_2016_478140,7,257144126
JHI_Hv50k_2016_478155,7,257368304
JHI_Hv50k_2016_478260,7,260103434
JHI_Hv50k_2016_478267,7,260250578
JHI_Hv50k_2016_478318,7,260961516
JHI_Hv50k_2016_478345,7,261929580
JHI_Hv50k_2016_478366,7,262180273
JHI_Hv50k_2016_478665,7,269943809
JHI_Hv50k_2016_478689,7,270643772
JHI_Hv50k_2016_478738,7,271621819
JHI_Hv50k_2016_478809,7,272670151
JHI_Hv50k_2016_478917,7,275509077
JHI_Hv50k_2016_478948,7,276089800
JHI_Hv50k_2016_479018,7,277632918
JHI_Hv50k_2016_479116,7,279607110
JHI_Hv50k_2016_479151,7,279877754
JHI_Hv50k_2016_479209,7,281710244
JHI_Hv50k_2016_479239,7,282788534
JHI_Hv50k_2016_479383,7,285754385
JHI_Hv50k_2016_479447,7,287402543
JHI_Hv50k_2016_479451,7,287403606
JHI_Hv50k_2016_479518,7,289647982
JHI_Hv50k_2016_479753,7,293840712
JHI_Hv50k_2016_479756,7,293921947
JHI_Hv50k_2016_479763,7,293922570
JHI_Hv50k_2016_479764,7,293922670
JHI_Hv50k_2016_479943,7,297408185
JHI_Hv50k_2016_480015,7,298437563
JHI_Hv50k_2016_480045,7,299532966
JHI_Hv50k_2016_480103,7,301830374
JHI_Hv50k_2016_480145,7,303145039
JHI_Hv50k_2016_480176,7,304808992
JHI_Hv50k_2016_480546,7,314057938
JHI_Hv50k_2016_480557,7,314188643
JHI_Hv50k_2016_480684,7,316075761
JHI_Hv50k_2016_480771,7,316889930
JHI_Hv50k_2016_480814,7,317714160
JHI_Hv50k_2016_480841,7,318788696
JHI_Hv50k_2016_480848,7,318884521
JHI_Hv50k_2016_480850,7,318884629
JHI_Hv50k_2016_480868,7,319957128
JHI_Hv50k_2016_480876,7,319958027
JHI_Hv50k_2016_480947,7,321397903
JHI_Hv50k_2016_480963,7,321609799
JHI_Hv50k_2016_481258,7,325104937
JHI_Hv50k_2016_481438,7,329304337
JHI_Hv50k_2016_481538,7,333366167
JHI_Hv50k_2016_481738,7,338540012
JHI_Hv50k_2016_481749,7,338763694
JHI_Hv50k_2016_481919,7,342377621
JHI_Hv50k_2016_481987,7,343940054
JHI_Hv50k_2016_482051,7,345108066
JHI_Hv50k_2016_482275,7,351084486
JHI_Hv50k_2016_482497,7,357463060
JHI_Hv50k_2016_482651,7,362141383
JHI_Hv50k_2016_482662,7,362143948
JHI_Hv50k_2016_482706,7,362899946
JHI_Hv50k_2016_482729,7,362905285
JHI_Hv50k_2016_482868,7,364417601
JHI_Hv50k_2016_482917,7,367046115
JHI_Hv50k_2016_483004,7,368916425
JHI_Hv50k_2016_483031,7,370818549
JHI_Hv50k_2016_483131,7,374349520
JHI_Hv50k_2016_483191,7,376923805
JHI_Hv50k_2016_483272,7,381188072
JHI_Hv50k_2016_483370,7,388550604
JHI_Hv50k_2016_483433,7,394448128
JHI_Hv50k_2016_483434,7,394448182
JHI_Hv50k_2016_483566,7,399072499
JHI_Hv50k_2016_486462,7,443574291
JHI_Hv50k_2016_486996,7,451401820
JHI_Hv50k_2016_487043,7,451643826
JHI_Hv50k_2016_487045,7,451644002
JHI_Hv50k_2016_487046,7,451644155
JHI_Hv50k_2016_487074,7,452274133
JHI_Hv50k_2016_487232,7,454909762
JHI_Hv50k_2016_487408,7,461023389
JHI_Hv50k_2016_487430,7,470854440
JHI_Hv50k_2016_487584,7,489931384
JHI_Hv50k_2016_487990,7,495456333
JHI_Hv50k_2016_488517,7,500424862
JHI_Hv50k_2016_488571,7,501750713
JHI_Hv50k_2016_488583,7,502000028
JHI_Hv50k_2016_488697,7,505060100
JHI_Hv50k_2016_488746,7,505810321
JHI_Hv50k_2016_488809,7,507344852
JHI_Hv50k_2016_488873,7,508955412
JHI_Hv50k_2016_488887,7,509148378
JHI_Hv50k_2016_488898,7,509320135
JHI_Hv50k_2016_489616,7,518621212
JHI_Hv50k_2016_489642,7,518783609
JHI_Hv50k_2016_489668,7,518842485
JHI_Hv50k_2016_489795,7,520200578
JHI_Hv50k_2016_489798,7,520200713
JHI_Hv50k_2016_489799,7,520201204
JHI_Hv50k_2016_491261,7,538828953
JHI_Hv50k_2016_491296,7,539747608
JHI_Hv50k_2016_491719,7,572947028
JHI_Hv50k_2016_492407,7,582606588
JHI_Hv50k_2016_493718,7,593829168
JHI_Hv50k_2016_494034,7,597897885
JHI_Hv50k_2016_494035,7,597897990
JHI_Hv50k_2016_494038,7,597898194
JHI_Hv50k_2016_494044,7,597899780
JHI_Hv50k_2016_494046,7,597901026
JHI_Hv50k_2016_494128,7,598675964
JHI_Hv50k_2016_494520,7,599466378
JHI_Hv50k_2016_494676,7,600032722
JHI_Hv50k_2016_494920,7,600505553
JHI_Hv50k_2016_494939,7,600533399
JHI_Hv50k_2016_494945,7,600533768
JHI_Hv50k_2016_495170,7,600890036
JHI_Hv50k_2016_495431,7,602203052
JHI_Hv50k_2016_495457,7,602206678
JHI_Hv50k_2016_495461,7,602206815
JHI_Hv50k_2016_495463,7,602207079
JHI_Hv50k_2016_495494,7,602210916
JHI_Hv50k_2016_495566,7,602364975
JHI_Hv50k_2016_495619,7,602632365
JHI_Hv50k_2016_495631,7,602633480
JHI_Hv50k_2016_495677,7,602678956
JHI_Hv50k_2016_495926,7,603448931
JHI_Hv50k_2016_496332,7,604483681
JHI_Hv50k_2016_496334,7,604483774
JHI_Hv50k_2016_496718,7,604865131
JHI_Hv50k_2016_496720,7,604865242
JHI_Hv50k_2016_496797,7,604867118
JHI_Hv50k_2016_496838,7,604868451
JHI_Hv50k_2016_497396,7,607943785
JHI_Hv50k_2016_497567,7,608808550
JHI_Hv50k_2016_497612,7,608827493
JHI_Hv50k_2016_497775,7,609661911
JHI_Hv50k_2016_498283,7,611187127
JHI_Hv50k_2016_498292,7,611187812
JHI_Hv50k_2016_498294,7,611187929
JHI_Hv50k_2016_498295,7,611187980
JHI_Hv50k_2016_498401,7,611307723
JHI_Hv50k_2016_498541,7,611709396
JHI_Hv50k_2016_498663,7,612125836
JHI_Hv50k_2016_498668,7,612214072
JHI_Hv50k_2016_498669,7,612214119
JHI_Hv50k_2016_498676,7,612215023
JHI_Hv50k_2016_498687,7,612512628
JHI_Hv50k_2016_498689,7,612512897
JHI_Hv50k_2016_498701,7,612517870
JHI_Hv50k_2016_498707,7,612518446
JHI_Hv50k_2016_498710,7,612518739
JHI_Hv50k_2016_498714,7,612519142
JHI_Hv50k_2016_498715,7,612519193
JHI_Hv50k_2016_498725,7,612520031
JHI_Hv50k_2016_498749,7,612589074
JHI_Hv50k_2016_498774,7,612651433
JHI_Hv50k_2016_498817,7,613142876
JHI_Hv50k_2016_498851,7,613422486
JHI_Hv50k_2016_498891,7,613562377
JHI_Hv50k_2016_499116,7,614230860
JHI_Hv50k_2016_499118,7,614230984
JHI_Hv50k_2016_499413,7,614823922
JHI_Hv50k_2016_499461,7,615019753
JHI_Hv50k_2016_499468,7,615019925
JHI_Hv50k_2016_499768,7,616410930
JHI_Hv50k_2016_500018,7,616907083
JHI_Hv50k_2016_500031,7,616908865
JHI_Hv50k_2016_500064,7,616912894
JHI_Hv50k_2016_500552,7,617806432
JHI_Hv50k_2016_501040,7,619698502
JHI_Hv50k_2016_501144,7,620000493
JHI_Hv50k_2016_501212,7,620310573
JHI_Hv50k_2016_501215,7,620311026
JHI_Hv50k_2016_501263,7,620325941
JHI_Hv50k_2016_501287,7,620327456
JHI_Hv50k_2016_501430,7,620864343
JHI_Hv50k_2016_501571,7,621635177
JHI_Hv50k_2016_501724,7,622016127
JHI_Hv50k_2016_501767,7,622219064
JHI_Hv50k_2016_501781,7,622249778
JHI_Hv50k_2016_502003,7,622858293
JHI_Hv50k_2016_502179,7,623130258
JHI_Hv50k_2016_503249,7,623952855
JHI_Hv50k_2016_503319,7,624137785
JHI_Hv50k_2016_503425,7,624290181
JHI_Hv50k_2016_503428,7,624290318
JHI_Hv50k_2016_503433,7,624290827
JHI_Hv50k_2016_503618,7,624790860
JHI_Hv50k_2016_503621,7,624797618
JHI_Hv50k_2016_504257,7,625963194
JHI_Hv50k_2016_504261,7,625963433
JHI_Hv50k_2016_505095,7,627314489
JHI_Hv50k_2016_506369,7,629888764
JHI_Hv50k_2016_506674,7,631503373
JHI_Hv50k_2016_506681,7,631504596
JHI_Hv50k_2016_506682,7,631504805
JHI_Hv50k_2016_507320,7,633238131
JHI_Hv50k_2016_507349,7,633239253
JHI_Hv50k_2016_509417,7,637871047
JHI_Hv50k_2016_509438,7,638048883
JHI_Hv50k_2016_509453,7,638049663
JHI_Hv50k_2016_509454,7,638049665
JHI_Hv50k_2016_509490,7,638050948
JHI_Hv50k_2016_509791,7,638449604
JHI_Hv50k_2016_509793,7,638450000
JHI_Hv50k_2016_509794,7,638450014
JHI_Hv50k_2016_509829,7,638452648
JHI_Hv50k_2016_509843,7,638453743
JHI_Hv50k_2016_509869,7,638456804
JHI_Hv50k_2016_510759,7,639323737
JHI_Hv50k_2016_510990,7,639840592
JHI_Hv50k_2016_511004,7,639921834
JHI_Hv50k_2016_511767,7,641078054
JHI_Hv50k_2016_511923,7,641173348
JHI_Hv50k_2016_511926,7,641173557
JHI_Hv50k_2016_512541,7,642080237
JHI_Hv50k_2016_512560,7,642082207
JHI_Hv50k_2016_512623,7,642218587
JHI_Hv50k_2016_512801,7,642424843
JHI_Hv50k_2016_512845,7,642475444
JHI_Hv50k_2016_513101,7,642671008
JHI_Hv50k_2016_513459,7,644484006
JHI_Hv50k_2016_513498,7,644608000
JHI_Hv50k_2016_513501,7,644608283
JHI_Hv50k_2016_513535,7,644637572
JHI_Hv50k_2016_513701,7,644916762
JHI_Hv50k_2016_513729,7,644922442
JHI_Hv50k_2016_515005,7,647072573
JHI_Hv50k_2016_517034,7,650671123
JHI_Hv50k_2016_518089,7,653256710
JHI_Hv50k_2016_518416,7,654029707
JHI_Hv50k_2016_518465,7,654086944
JHI_Hv50k_2016_518669,7,654170650
JHI_Hv50k_2016_518726,7,654385866
JHI_Hv50k_2016_518794,7,654417039
JHI_Hv50k_2016_518799,7,654419217
JHI_Hv50k_2016_518814,7,654582818
