genotypes,EX,M_1120145,M_1110208,M_1121228,M_1110409,M_1121056,M_1111345,M_1110319,M_1110490
, ,4,4,4,4,4,4,4,4
, ,1.64,3.74,3.74,3.74,3.74,5.55,8.25,12.02
Ana,78.8,0,1,0,0,1,1,1,1
PlArcher,75,1,1,0,0,1,1,1,1
Aurore,76.7,1,0,0,1,0,0,0,1
Berolin,79.1,0,0,1,1,1,0,1,1
Bonita,75.7,1,0,0,0,1,0,0,1
Bowman,79.5,0,0,1,1,1,0,1,1
Cheri,80.7,0,0,1,1,0,0,1,1
CLE176,78.7,1,1,1,0,1,1,0,1
CLE178,81.8,1,1,1,0,1,1,0,1
Clipper,79.7,1,0,0,1,0,0,0,1
Clivia,77.6,1,0,0,1,0,0,1,1
Defra,78.2,0,1,1,0,1,1,0,1
FNC1,77.5,0,1,0,0,1,1,1,0
FNC61,78.7,0,0,1,1,1,0,1,1
FNCI22,78.2,0,1,0,0,1,1,1,0
Gull,78.3,1,0,0,1,0,0,0,1
Haisa,77.9,0,1,0,0,1,1,1,0
Hanna,77.6,0,0,1,1,0,0,1,1
Isaria,78.7,0,0,0,1,0,0,0,1
Kenia,78.1,1,0,0,1,0,0,0,1
ND14016,81.8,0,0,1,1,1,0,1,1
ND15140,80.3,0,0,1,1,1,0,1,1
Logan,82.4,0,0,1,1,1,0,1,1
MN599,80.6,1,0,0,1,0,0,0,1
Perun,78.2,1,0,0,1,0,0,1,1
Prior,78.1,0,0,0,0,1,1,0,1
QPampa,77.8,0,0,0,0,1,1,0,1
Quebrac,78.8,1,0,0,1,0,0,0,1
Stirlin,79.2,1,1,1,0,1,0,0,1
Union,77.9,0,0,1,1,0,0,0,1
WMR1,75.6,0,1,0,0,1,1,1,1
Scarlet,81,1,1,0,0,1,1,0,1
Carumbe,79.2,0,0,1,1,1,0,1,1
Dayman,80.4,0,0,1,1,1,0,1,1
CLE202,78.6,0,1,0,0,1,1,1,0
CLE203,81,1,0,0,0,1,1,0,1
Lisa,77.9,0,1,0,0,1,1,1,1
CLE226,81.3,0,1,1,0,1,1,0,0
C8806,78.7,1,0,0,1,0,0,0,1
CLE233,81.4,0,1,1,0,1,1,0,1
C9046,80,1,0,0,0,1,1,0,1
Villa,77.8,0,0,1,1,1,0,1,1
Br2,79,0,1,0,0,1,1,1,0
Beka,79.6,0,0,1,1,0,0,1,1
Diamant,79.6,0,0,1,1,0,0,1,1
Pirolin,75.5,0,0,0,0,1,1,0,1
C9035,78.4,0,0,0,1,0,0,0,1
C9038,76.8,1,1,0,0,1,0,0,1
MaltHed,77,0,0,0,0,1,1,0,1
Harring,79.3,0,0,1,1,1,0,1,1
Volla,77,0,0,0,1,0,0,0,1
BCD47,79.7,0,0,1,1,1,0,1,1
Bido,78.2,0,1,0,0,1,1,1,1
C9315,77.2,1,1,0,0,1,1,0,0
Karl,83,0,1,1,0,1,1,0,1
C9053,79.6,1,0,0,1,0,0,0,1
C8730,78.8,1,0,0,1,0,0,0,1
Mn610,80,0,0,0,1,0,0,0,1
QAyelen,78.9,0,0,1,1,0,0,1,1
ND10277,81.6,0,0,1,1,1,0,1,1
C9528,80.1,0,0,1,1,1,0,1,1
CLE232,80.5,0,1,0,0,1,1,0,1
Danuta,80.6,0,0,1,1,0,0,1,1
C8828,80.1,1,1,1,0,1,0,0,1
C9173,78.4,1,0,1,1,1,0,1,1
C9616,78.2,0,0,1,1,1,0,1,1
Atlas57,75.4,1,0,0,0,1,1,1,1
Trumpf,79.5,0,0,1,1,0,0,1,1
Ambev48,81.5,0,1,0,0,1,1,1,0
Barones,79.3,1,0,0,1,1,0,0,1
Magn104,76.2,0,1,0,0,1,1,1,0
C9172,79.3,1,0,1,1,1,0,1,1
Ymer,77.6,1,0,0,1,0,0,0,1
Magn102,76.2,0,1,0,0,1,1,1,0
ND14600,80.8,0,0,1,1,1,0,1,1
